assists,evGoals,evPoints,faceoffWinPct,gameWinningGoals,gamesPlayed,goals,lastName,otGoals,penaltyMinutes,playerId,plusMinus,points,pointsPerGame,positionCode,ppGoals,ppPoints,seasonId,shGoals,shPoints,shootingPct,shootsCatches,shots,skaterFullName,teamAbbrevs,timeOnIcePerGame,franchise_id
44,21,46,0.52555,1,82,33,Suzuki,1,36,8480018,-14,77,0.93902,C,12,31,20232024,0,0,0.17837,R,185,Nick Suzuki,MTL,1275.8414,1
37,19,44,0.4375,7,82,28,Caufield,3,16,8481540,-4,65,0.79268,R,9,21,20232024,0,0,0.08917,R,314,Cole Caufield,MTL,1165.2317,1
51,4,32,,0,82,11,Matheson,0,58,8476875,-24,62,0.75609,D,5,28,20232024,2,2,0.05882,L,187,Mike Matheson,MTL,1533.1707,1
30,14,36,0.5,2,82,20,Slafkovský,0,55,8483515,-19,50,0.60975,L,6,14,20232024,0,0,0.13157,L,152,Juraj Slafkovský,MTL,1076.1463,1
22,5,17,0.55034,3,49,13,Monahan,0,10,8477497,-10,35,0.71428,C,6,16,20232024,2,2,0.125,L,104,Sean Monahan,"MTL,WPG",1107.2857,1
19,13,26,0.46544,2,55,15,Newhook,0,18,8481618,-11,34,0.61818,C,2,8,20232024,0,0,0.17647,L,85,Alex Newhook,MTL,1015.5818,1
15,15,27,0.41176,2,77,16,Gallagher,0,74,8475848,-24,31,0.40259,R,1,4,20232024,0,0,0.10389,R,154,Brendan Gallagher,MTL,827.4415,1
21,6,27,0.52154,1,82,7,Evans,0,24,8478133,-1,28,0.34146,C,0,0,20232024,1,1,0.08641,R,81,Jake Evans,MTL,961.0975,1
8,15,23,0.3125,3,66,17,Armia,0,34,8476469,4,25,0.37878,R,0,0,20232024,2,2,0.1223,R,139,Joel Armia,MTL,933.0909,1
18,6,24,,0,60,6,Savard,0,24,8475233,-1,24,0.4,D,0,0,20232024,0,0,0.11111,R,54,David Savard,MTL,1214.4833,1
16,6,22,,1,70,6,Guhle,1,56,8482087,-8,22,0.31428,D,0,0,20232024,0,0,0.06315,L,95,Kaiden Guhle,MTL,1251.0428,1
11,9,18,0.48387,0,78,9,Anderson,0,74,8476981,-18,20,0.25641,R,0,2,20232024,0,0,0.06382,R,141,Josh Anderson,MTL,927.8076,1
11,3,14,,0,56,3,Harris,0,22,8480887,-5,14,0.25,D,0,0,20232024,0,0,0.06976,L,43,Jordan Harris,MTL,1048.3214,1
6,6,12,,1,48,7,Barron,1,16,8482111,-3,13,0.27083,D,1,1,20232024,0,0,0.11666,R,60,Justin Barron,MTL,1117.625,1
8,4,11,0.22727,1,54,5,Pearson,0,21,8476871,-12,13,0.24074,L,1,2,20232024,0,0,0.06493,L,77,Tanner Pearson,MTL,776.3148,1
7,6,13,,0,62,6,Kovacevic,0,42,8480192,11,13,0.20967,D,0,0,20232024,0,0,0.13043,R,46,Johnathan Kovacevic,MTL,991.0967,1
9,3,12,0.42857,1,61,3,Pezzetta,0,59,8479543,4,12,0.19672,L,0,0,20232024,0,0,0.07142,L,42,Michael Pezzetta,MTL,467.754,1
7,3,10,,0,44,3,Xhekaj,0,81,8482964,6,10,0.22727,D,0,0,20232024,0,0,0.04918,L,61,Arber Xhekaj,MTL,955.6363,1
8,2,9,0.31707,0,45,2,Harvey-Pinard,0,6,8481093,-2,10,0.22222,L,0,0,20232024,0,1,0.07692,L,26,Rafael Harvey-Pinard,MTL,758.2666,1
7,3,10,,0,56,3,Struble,0,57,8481593,-3,10,0.17857,D,0,0,20232024,0,0,0.06382,L,47,Jayden Struble,MTL,966.7142,1
5,4,9,0.28571,0,23,4,Roy,0,0,8482749,-2,9,0.3913,R,0,0,20232024,0,0,0.11764,L,34,Joshua Roy,MTL,728.4347,1
4,4,8,0.57771,0,30,5,Dvorak,0,4,8477989,-5,9,0.3,C,1,1,20232024,0,0,0.14285,L,35,Christian Dvorak,MTL,931.8666,1
4,4,8,0.55555,1,59,4,Ylonen,0,12,8481058,2,8,0.13559,R,0,0,20232024,0,0,0.08,R,50,Jesse Ylonen,MTL,614.2372,1
1,3,4,,0,14,3,Lindström,0,6,8480184,0,4,0.28571,D,0,0,20232024,0,0,0.2,R,15,Gustav Lindström,"MTL,ANA",916.8571,1
1,2,3,0.55555,0,23,2,Stephens,0,4,8478477,2,3,0.13043,C,0,0,20232024,0,0,0.125,R,16,Mitchell Stephens,MTL,543.0869,1
38,51,77,0.53449,8,81,69,Matthews,3,20,8479318,31,107,1.32098,C,18,29,20232024,0,1,0.18699,L,369,Auston Matthews,TOR,1257.9876,5
58,26,59,0.47058,7,82,40,Nylander,2,24,8477939,1,98,1.19512,R,11,35,20232024,3,4,0.12658,R,316,William Nylander,TOR,1194.817,5
59,17,57,0.25,2,69,26,Marner,0,18,8478483,21,85,1.23188,R,8,27,20232024,1,1,0.16455,R,158,Mitch Marner,TOR,1276.5942,5
36,20,45,0.59319,6,80,29,Tavares,1,30,8475166,2,65,0.8125,C,9,20,20232024,0,0,0.10394,L,279,John Tavares,TOR,1071.9,5
51,6,38,,0,72,7,Rielly,0,27,8476853,7,58,0.80555,D,1,20,20232024,0,0,0.04046,L,173,Morgan Rielly,TOR,1424.4722,5
38,8,45,0.5,1,80,9,Domi,0,118,8477503,10,47,0.5875,C,1,2,20232024,0,0,0.06569,L,137,Max Domi,TOR,827.1,5
22,16,37,0.30769,2,80,21,Bertuzzi,0,53,8477479,2,43,0.5375,L,5,6,20232024,0,0,0.13125,L,160,Tyler Bertuzzi,TOR,962.7375,5
20,15,33,0.0,3,80,15,Knies,0,45,8482720,9,35,0.4375,L,0,2,20232024,0,0,0.13043,L,115,Matthew Knies,TOR,820.65,5
20,7,25,,3,73,8,McCabe,1,56,8476931,20,28,0.38356,D,1,2,20232024,0,1,0.10958,L,73,Jake McCabe,TOR,1239.3972,5
13,13,24,0.27272,1,56,14,Robertson,0,4,8481582,4,27,0.48214,L,1,3,20232024,0,0,0.14583,L,96,Nicholas Robertson,TOR,682.5892,5
25,1,26,,0,78,1,Brodie,0,40,8474673,17,26,0.33333,D,0,0,20232024,0,0,0.01923,L,52,TJ Brodie,TOR,1303.2692,5
9,14,23,0.6,0,56,15,McMann,0,52,8482259,13,24,0.42857,C,1,1,20232024,0,0,0.12711,L,118,Bobby McMann,TOR,693.5535,5
20,3,15,,1,55,3,Liljegren,0,16,8480043,3,23,0.41818,D,0,7,20232024,0,1,0.04838,R,62,Timothy Liljegren,TOR,1179.8,5
11,9,18,0.49242,3,52,10,Jarnkrok,1,18,8475714,16,21,0.40384,C,0,1,20232024,1,2,0.10869,R,92,Calle Jarnkrok,TOR,915.5,5
11,8,19,0.50867,1,78,8,Kampf,0,18,8480144,-4,19,0.24358,C,0,0,20232024,0,0,0.10126,L,79,David Kampf,TOR,809.2179,5
10,7,17,0.46305,1,54,7,Holmberg,0,18,8480995,11,17,0.31481,R,0,0,20232024,0,0,0.12962,L,54,Pontus Holmberg,TOR,694.1111,5
6,4,10,0.58333,1,63,6,Gregor,0,17,8479393,-7,12,0.19047,L,1,1,20232024,1,1,0.05454,L,110,Noah Gregor,TOR,683.9365,5
9,1,8,,0,25,1,Timmins,0,18,8479982,9,10,0.4,D,0,2,20232024,0,0,0.04,R,25,Conor Timmins,TOR,961.28,5
6,3,9,,1,46,3,Giordano,0,49,8470966,10,9,0.19565,D,0,0,20232024,0,0,0.05084,L,59,Mark Giordano,TOR,997.0217,5
2,4,6,1.0,0,49,4,Reaves,0,49,8471817,-13,6,0.12244,R,0,0,20232024,0,0,0.15384,R,26,Ryan Reaves,TOR,486.9795,5
5,0,3,,0,14,0,Klingberg,0,8,8475906,-7,5,0.35714,D,0,2,20232024,0,0,0.0,R,14,John Klingberg,TOR,1233.0714,5
4,1,5,0.45833,0,17,1,Dewar,0,8,8480980,-2,5,0.29411,C,0,0,20232024,0,0,0.05,L,20,Connor Dewar,"MIN,TOR",774.4117,5
4,1,5,,0,64,1,Benoit,0,56,8481122,7,5,0.07812,D,0,0,20232024,0,0,0.01923,L,52,Simon Benoit,TOR,1033.6875,5
4,0,4,,0,19,0,Lyubushkin,0,6,8480950,2,4,0.21052,D,0,0,20232024,0,0,0.0,R,9,Ilya Lyubushkin,"ANA,TOR",1023.3157,5
4,0,4,,0,30,0,Lagesson,0,19,8478021,5,4,0.13333,D,0,0,20232024,0,0,0.0,L,12,William Lagesson,"TOR,ANA",870.8666,5
63,35,75,0.33333,5,82,47,Pastrnak,0,47,8477956,21,110,1.34146,R,12,35,20232024,0,0,0.12303,R,382,David Pastrnak,BOS,1195.7804,6
38,19,37,0.43636,6,82,29,Marchand,2,78,8473419,2,67,0.81707,L,7,26,20232024,3,4,0.14009,L,207,Brad Marchand,BOS,1146.1097,6
35,17,44,0.51591,5,82,25,Coyle,0,38,8475745,-2,60,0.7317,C,7,11,20232024,1,5,0.17006,R,147,Charlie Coyle,BOS,1083.9878,6
38,15,44,0.54775,6,78,21,Zacha,1,18,8478401,12,59,0.75641,C,6,15,20232024,0,0,0.14189,L,148,Pavel Zacha,BOS,1086.3974,6
35,11,34,,3,74,12,McAvoy,2,86,8479325,4,47,0.63513,D,1,13,20232024,0,0,0.09022,R,133,Charlie McAvoy,BOS,1490.7567,6
21,15,28,0.30434,3,80,19,DeBrusk,1,18,8478498,4,40,0.5,L,2,10,20232024,2,2,0.10382,L,183,Jake DeBrusk,BOS,1009.9375,6
22,16,38,0.4536,1,82,18,Frederic,0,69,8479365,9,40,0.4878,C,2,2,20232024,0,0,0.14634,L,123,Trent Frederic,BOS,825.3536,6
22,13,27,0.4409,1,76,17,Geekie,0,28,8479987,6,39,0.51315,C,4,12,20232024,0,0,0.13076,R,130,Morgan Geekie,BOS,924.5394,6
27,5,26,0.47619,3,71,11,van Riemsdyk,0,20,8474037,7,38,0.53521,L,6,12,20232024,0,0,0.07746,L,142,James van Riemsdyk,BOS,810.3661,6
19,15,34,0.38709,4,74,17,Heinen,0,28,8478046,16,36,0.48648,L,1,1,20232024,1,1,0.14285,L,119,Danton Heinen,BOS,867.9189,6
23,2,21,,0,73,3,Lindholm,0,63,8476854,18,26,0.35616,D,1,5,20232024,0,0,0.0303,L,99,Hampus Lindholm,BOS,1397.2191,6
18,4,13,,0,61,6,Shattenkirk,0,18,8474031,-2,24,0.39344,D,2,11,20232024,0,0,0.07692,R,78,Kevin Shattenkirk,BOS,946.8032,6
10,5,14,0.437,1,33,5,Poitras,0,6,8483505,4,15,0.45454,C,0,1,20232024,0,0,0.125,R,40,Matthew Poitras,BOS,803.7575,6
8,6,14,0.35664,1,47,6,Boqvist,1,8,8480003,12,14,0.29787,C,0,0,20232024,0,0,0.11764,L,51,Jesper Boqvist,BOS,669.0,6
10,4,14,,1,76,4,Carlo,0,42,8478443,23,14,0.18421,D,0,0,20232024,0,0,0.05063,R,79,Brandon Carlo,BOS,1194.2236,6
9,3,10,,1,41,4,Lohrei,0,18,8482511,-2,13,0.31707,D,1,3,20232024,0,0,0.09302,L,43,Mason Lohrei,BOS,1017.4634,6
9,2,11,,0,63,2,Grzelcyk,0,37,8476891,13,11,0.1746,D,0,0,20232024,0,0,0.03389,L,59,Matt Grzelcyk,BOS,1055.8571,6
3,7,10,0.546,1,52,7,Beecher,0,24,8481556,-6,10,0.1923,C,0,0,20232024,0,0,0.18421,L,38,John Beecher,BOS,637.423,6
8,2,10,0.4375,0,60,2,Lauko,0,32,8480880,-3,10,0.16666,C,0,0,20232024,0,0,0.04651,L,43,Jakub Lauko,BOS,589.25,6
8,0,8,,0,41,0,Wotherspoon,0,31,8478450,6,8,0.19512,D,0,0,20232024,0,0,0.0,L,32,Parker Wotherspoon,BOS,1063.317,6
2,3,5,0.3,1,19,5,Brazeau,0,2,8479638,4,7,0.36842,R,2,2,20232024,0,0,0.16129,R,31,Justin Brazeau,BOS,667.0526,6
4,0,4,,0,35,0,Forbort,0,17,8475762,8,4,0.11428,D,0,0,20232024,0,0,0.0,L,22,Derek Forbort,BOS,1067.6285,6
2,1,3,0.0,0,9,1,Richard,0,2,8478409,0,3,0.33333,C,0,0,20232024,0,0,0.16666,L,6,Anthony Richard,BOS,636.4444,6
2,0,2,,0,4,0,Lucic,0,2,8473473,-1,2,0.5,L,0,0,20232024,0,0,0.0,L,1,Milan Lucic,BOS,718.25,6
2,0,2,,0,13,0,Mitchell,0,10,8480070,6,2,0.15384,D,0,0,20232024,0,0,0.0,R,11,Ian Mitchell,BOS,918.4615,6
71,38,75,0.1,5,82,49,Panarin,1,24,8478550,18,120,1.46341,L,11,44,20232024,0,1,0.16171,R,303,Artemi Panarin,NYR,1207.1341,10
52,13,52,0.58733,5,82,25,Trocheck,1,55,8476389,16,77,0.93902,C,11,24,20232024,1,1,0.11627,R,215,Vincent Trocheck,NYR,1287.2804,10
36,19,41,0.36458,7,82,39,Kreider,1,26,8475184,19,75,0.91463,L,18,29,20232024,2,5,0.15853,L,246,Chris Kreider,NYR,1127.0121,10
56,10,38,,5,72,17,Fox,1,36,8479323,21,73,1.01388,D,6,33,20232024,1,2,0.12408,R,137,Adam Fox,NYR,1406.6111,10
46,12,35,0.4928,3,81,26,Zibanejad,2,30,8476459,15,72,0.88888,C,12,31,20232024,2,6,0.11764,R,221,Mika Zibanejad,NYR,1184.6296,10
29,26,51,0.25757,5,82,28,Lafrenière,1,40,8482109,2,57,0.69512,L,2,6,20232024,0,0,0.12903,L,217,Alexis Lafrenière,NYR,1036.0243,10
25,6,22,,1,76,6,Gustafsson,0,35,8476979,3,31,0.40789,D,0,9,20232024,0,0,0.06451,L,93,Erik Gustafsson,NYR,1043.5131,10
22,8,28,,3,80,8,Miller,1,49,8480817,5,30,0.375,D,0,1,20232024,0,1,0.08333,L,96,K'Andre Miller,NYR,1293.7375,10
13,13,26,0.3913,4,80,13,Vesey,0,20,8476918,-4,26,0.325,L,0,0,20232024,0,0,0.11206,L,116,Jimmy Vesey,NYR,742.6125,10
19,3,20,,0,69,3,Trouba,0,73,8476885,-4,22,0.31884,D,0,1,20232024,0,1,0.02325,R,129,Jacob Trouba,NYR,1274.7391,10
12,8,20,0.6129,1,54,9,Wheeler,0,23,8471218,2,21,0.38888,R,1,1,20232024,0,0,0.10843,R,83,Blake Wheeler,NYR,763.0555,10
8,12,19,0.2,2,81,13,Cuylle,0,56,8482157,-3,21,0.25925,L,1,2,20232024,0,0,0.10924,L,119,Will Cuylle,NYR,667.5308,10
13,5,17,0.50154,2,57,6,Brodzinski,0,8,8477380,-3,19,0.33333,C,1,2,20232024,0,0,0.06741,R,89,Jonny Brodzinski,NYR,667.6491,10
6,12,18,0.56521,2,61,13,Kakko,0,24,8481554,6,19,0.31147,R,1,1,20232024,0,0,0.14285,L,91,Kaapo Kakko,NYR,796.754,10
14,4,18,,1,82,5,Schneider,0,16,8482073,-1,19,0.2317,D,0,0,20232024,1,1,0.05263,R,95,Braden Schneider,NYR,953.9024,10
14,3,17,,1,76,3,Lindgren,0,36,8479324,22,17,0.22368,D,0,0,20232024,0,0,0.04109,L,73,Ryan Lindgren,NYR,1161.0131,10
8,3,11,0.54006,1,80,4,Goodrow,0,78,8476624,-13,12,0.15,C,0,0,20232024,1,1,0.06557,L,61,Barclay Goodrow,NYR,753.85,10
7,2,9,,1,31,2,Jones,0,8,8481708,1,9,0.29032,D,0,0,20232024,0,0,0.04761,L,42,Zachary Jones,NYR,877.7096,10
5,3,7,0.47619,1,19,3,Roslovic,0,2,8478458,-1,8,0.42105,C,0,1,20232024,0,0,0.09677,R,31,Jack Roslovic,"CBJ,NYR",807.2631,10
6,0,5,0.43283,0,10,0,Chytil,0,4,8480078,0,6,0.6,C,0,1,20232024,0,0,0.0,L,22,Filip Chytil,NYR,955.8,10
4,0,3,0.45054,0,19,1,Wennberg,0,0,8477505,-1,5,0.26315,C,1,2,20232024,0,0,0.1,L,10,Alexander Wennberg,"SEA,NYR",922.1052,10
4,1,5,0.50985,0,45,1,Bonino,0,8,8474009,-12,5,0.11111,C,0,0,20232024,0,0,0.03225,L,31,Nick Bonino,NYR,735.2444,10
3,1,4,0.17647,0,34,1,Pitlick,0,4,8475752,-6,4,0.11764,C,0,0,20232024,0,0,0.03125,R,32,Tyler Pitlick,NYR,611.8823,10
0,2,2,,0,11,2,Edstrom,0,2,8481726,2,2,0.18181,C,0,0,20232024,0,0,0.28571,L,7,Adam Edstrom,NYR,504.6363,10
1,1,2,0.5,1,17,1,Rempe,0,71,8482460,1,2,0.11764,C,0,0,20232024,0,0,0.08333,R,12,Matt Rempe,NYR,337.5294,10
39,18,40,0.38909,2,68,22,Bedard,1,28,8484144,-44,61,0.89705,C,4,21,20232024,0,0,0.10679,R,206,Connor Bedard,CHI,1187.0,11
36,12,35,0.4635,3,75,18,Kurashev,1,23,8480798,-44,54,0.72,C,6,19,20232024,0,0,0.14062,L,128,Philipp Kurashev,CHI,1141.1066,11
20,8,20,0.52413,0,74,17,Foligno,0,57,8473422,-29,37,0.5,L,8,16,20232024,1,1,0.11643,L,146,Nick Foligno,CHI,1065.8783,11
13,20,33,0.5,4,82,22,Dickinson,0,43,8477450,4,35,0.42682,C,2,2,20232024,0,0,0.1746,L,126,Jason Dickinson,CHI,994.256,11
14,9,15,0.44444,1,67,17,Johnson,0,26,8474870,-35,31,0.46268,C,8,16,20232024,0,0,0.15178,R,112,Tyler Johnson,CHI,932.3134,11
23,5,22,,4,67,8,Jones,2,34,8477495,-15,31,0.46268,D,3,9,20232024,0,0,0.04651,R,172,Seth Jones,CHI,1529.0597,11
18,11,27,0.44144,0,78,12,Donato,0,26,8477987,-14,30,0.38461,C,1,3,20232024,0,0,0.08053,L,149,Ryan Donato,CHI,839.9487,11
12,5,17,0.0,0,55,5,Anderson,0,8,8479315,5,17,0.30909,R,0,0,20232024,0,0,0.08771,R,57,Joey Anderson,CHI,812.8727,11
11,3,14,0.43434,0,65,5,Reichel,0,12,8482117,-29,16,0.24615,L,2,2,20232024,0,0,0.05952,L,84,Lukas Reichel,CHI,846.6307,11
14,2,14,,1,76,2,Vlasic,0,45,8481568,-4,16,0.21052,D,0,2,20232024,0,0,0.02816,L,71,Alex Vlasic,CHI,1288.7236,11
10,5,8,,2,76,5,Korchinski,1,20,8483466,-39,15,0.19736,D,0,7,20232024,0,0,0.05376,L,93,Kevin Korchinski,CHI,1176.9868,11
9,3,10,0.33333,0,73,5,Raddysh,0,22,8479390,-19,14,0.19178,R,1,3,20232024,1,1,0.04166,R,120,Taylor Raddysh,CHI,952.9726,11
4,7,11,0.45714,2,44,8,Blackwell,0,10,8476278,-2,12,0.27272,C,1,1,20232024,0,0,0.0909,R,88,Colin Blackwell,CHI,869.5454,11
6,5,11,0.43765,1,67,5,Entwistle,0,47,8480025,-29,11,0.16417,R,0,0,20232024,0,0,0.07575,R,66,MacKenzie Entwistle,CHI,683.2238,11
5,3,7,,1,16,4,Perry,0,12,8470621,-5,9,0.5625,R,1,2,20232024,0,0,0.15384,R,26,Corey Perry,"CHI,EDM",879.1875,11
7,2,7,0.46341,0,28,2,Athanasiou,0,7,8476960,-7,9,0.32142,C,0,2,20232024,0,0,0.04545,L,44,Andreas Athanasiou,CHI,785.8571,11
4,4,8,0.45454,0,38,5,Katchouk,0,12,8479383,-2,9,0.23684,L,0,0,20232024,1,1,0.09615,L,52,Boris Katchouk,"CHI,OTT",747.2631,11
9,0,8,,0,52,0,Tinordi,0,64,8475797,-27,9,0.17307,D,0,0,20232024,0,1,0.0,L,32,Jarred Tinordi,CHI,938.75,11
4,2,5,0.5,0,27,4,Guttman,0,7,8480252,-17,8,0.29629,C,2,3,20232024,0,0,0.08,R,50,Cole Guttman,CHI,757.1851,11
6,2,8,,0,46,2,Murphy,0,40,8476473,-19,8,0.17391,D,0,0,20232024,0,0,0.03921,R,51,Connor Murphy,CHI,1189.913,11
7,0,7,,0,32,0,Kaiser,0,22,8482176,0,7,0.21875,D,0,0,20232024,0,0,0.0,L,18,Wyatt Kaiser,CHI,1038.75,11
5,2,5,,0,38,2,Zaitsev,0,14,8479458,-5,7,0.18421,D,0,2,20232024,0,0,0.06451,R,31,Nikita Zaitsev,CHI,955.8421,11
4,2,5,0.56896,0,23,2,Beauvillier,0,2,8478463,-10,6,0.26086,L,0,1,20232024,0,0,0.05555,L,36,Anthony Beauvillier,"VAN,CHI,NSH",861.6521,11
6,0,6,,0,33,0,Phillips,0,22,8482192,-26,6,0.18181,D,0,0,20232024,0,0,0.0,L,31,Isaak Phillips,CHI,1024.3636,11
3,2,5,0.51851,0,42,2,Johnson,0,40,8481147,-20,5,0.11904,C,0,0,20232024,0,0,0.03921,R,51,Reese Johnson,CHI,655.9761,11
41,25,56,0.4,4,82,31,Raymond,3,30,8482078,-12,72,0.87804,L,6,16,20232024,0,0,0.19018,R,163,Lucas Raymond,DET,1065.1951,12
36,17,41,0.55375,5,68,33,Larkin,2,39,8477946,5,69,1.0147,C,14,26,20232024,2,2,0.14932,L,221,Dylan Larkin,DET,1210.3529,12
40,16,48,0.42105,1,82,27,DeBrincat,0,34,8479337,1,67,0.81707,R,11,19,20232024,0,0,0.11392,R,237,Alex DeBrincat,DET,1073.5243,12
46,8,27,,2,81,10,Gostisbehere,0,16,8476906,-16,56,0.69135,D,2,29,20232024,0,0,0.07194,L,139,Shayne Gostisbehere,DET,1145.2469,12
29,12,36,0.44754,0,77,19,Compher,0,34,8477456,-5,48,0.62337,L,5,10,20232024,2,2,0.17592,R,108,J.T. Compher,DET,1163.2987,12
27,18,32,,7,50,20,Kane,3,16,8474141,-5,47,0.94,R,2,15,20232024,0,0,0.13605,L,147,Patrick Kane,DET,1102.58,12
30,10,30,0.47058,4,76,17,Perron,0,55,8474102,-12,47,0.61842,L,7,17,20232024,0,0,0.11258,R,151,David Perron,DET,937.7368,12
25,15,31,0.66666,1,76,18,Sprong,0,22,8478466,-5,43,0.56578,R,3,12,20232024,0,0,0.1125,R,160,Daniel Sprong,DET,720.0263,12
33,6,24,,0,82,9,Seider,0,51,8481542,-7,42,0.51219,D,3,17,20232024,0,1,0.06666,R,135,Moritz Seider,DET,1341.5731,12
20,12,29,0.48333,3,75,13,Rasmussen,0,47,8479992,8,33,0.44,C,0,0,20232024,1,4,0.12871,L,101,Michael Rasmussen,DET,911.4533,12
20,11,27,0.53546,3,79,13,Copp,0,26,8477429,-2,33,0.41772,C,1,3,20232024,1,3,0.11926,L,109,Andrew Copp,DET,976.4556,12
14,13,20,0.58333,3,68,18,Fabbri,0,32,8477952,-13,32,0.47058,C,5,12,20232024,0,0,0.18556,L,97,Robby Fabbri,DET,772.1029,12
16,9,22,0.49035,1,80,12,Veleno,0,25,8480813,-16,28,0.35,C,3,5,20232024,0,1,0.13953,L,86,Joseph Veleno,DET,837.3875,12
21,3,23,,0,73,3,Petry,0,39,8473507,-7,24,0.32876,D,0,0,20232024,0,1,0.03571,R,84,Jeff Petry,DET,1127.7123,12
9,11,16,,3,63,12,Walman,2,44,8478013,-2,21,0.33333,D,1,4,20232024,0,1,0.11111,L,108,Jake Walman,DET,1186.1587,12
15,5,20,,1,77,5,Chiarot,1,56,8475279,-4,20,0.25974,D,0,0,20232024,0,0,0.04672,L,107,Ben Chiarot,DET,1186.6623,12
14,4,18,0.40366,0,79,5,Fischer,0,36,8478432,0,19,0.2405,R,0,0,20232024,1,1,0.05813,R,86,Christian Fischer,DET,684.405,12
14,4,18,,0,72,4,Määttä,0,14,8476874,14,18,0.25,D,0,0,20232024,0,0,0.08333,L,48,Olli Määttä,DET,963.2361,12
4,2,6,,0,12,2,Berggren,0,2,8481013,-1,6,0.5,R,0,0,20232024,0,0,0.14285,L,14,Jonatan Berggren,DET,651.6666,12
5,0,5,,0,38,0,Holl,0,22,8475718,8,5,0.13157,D,0,0,20232024,0,0,0.0,R,14,Justin Holl,DET,904.921,12
1,3,4,0.66666,0,33,3,Kostin,0,38,8480011,-2,4,0.12121,C,0,0,20232024,0,0,0.13636,L,22,Klim Kostin,"DET,SJS",522.5454,12
1,1,2,,0,16,1,Edvinsson,0,4,8482762,0,2,0.125,D,0,0,20232024,0,0,0.07692,L,13,Simon Edvinsson,DET,1095.3125,12
1,0,1,0.49019,0,34,0,Czarnik,0,12,8478512,-3,1,0.02941,C,0,0,20232024,0,0,0.0,R,24,Austin Czarnik,DET,506.3235,12
0,0,0,,0,3,0,Aston-Reese,0,2,8479944,0,0,0.0,L,0,0,20232024,0,0,0.0,L,1,Zach Aston-Reese,DET,309.3333,12
47,20,44,0.23076,4,77,28,Kempe,1,72,8477960,13,75,0.97402,R,5,27,20232024,3,4,0.11382,L,246,Adrian Kempe,LAK,1136.0389,14
44,18,43,0.26315,2,82,29,Fiala,1,62,8477942,1,73,0.89024,L,11,30,20232024,0,0,0.12888,L,225,Kevin Fiala,LAK,1082.1341,14
44,16,44,0.55064,6,81,26,Kopitar,0,22,8471685,11,70,0.86419,C,9,23,20232024,1,3,0.19548,L,133,Anze Kopitar,LAK,1179.4938,14
26,27,48,0.29166,5,82,31,Moore,0,28,8479675,11,57,0.69512,L,2,7,20232024,2,2,0.12704,L,244,Trevor Moore,LAK,1078.7926,14
35,14,41,0.45555,4,80,20,Byfield,0,42,8482124,19,55,0.6875,R,6,14,20232024,0,0,0.12422,L,161,Quinton Byfield,LAK,989.025,14
35,8,30,,3,82,15,Doughty,1,44,8474563,15,50,0.60975,D,7,20,20232024,0,0,0.11111,R,135,Drew Doughty,LAK,1547.6097,14
30,14,36,0.51858,2,78,17,Danault,0,18,8476479,12,47,0.60256,C,3,9,20232024,0,2,0.10691,L,159,Phillip Danault,LAK,1081.2692,14
24,9,32,0.49661,4,82,16,Dubois,0,70,8479400,-9,40,0.4878,L,7,8,20232024,0,0,0.10958,L,146,Pierre-Luc Dubois,LAK,942.0731,14
20,5,22,,1,81,5,Roy,0,42,8478911,21,25,0.30864,D,0,1,20232024,0,2,0.03703,R,135,Matt Roy,LAK,1253.6913,14
22,1,18,,0,71,2,Spence,0,12,8481606,5,24,0.33802,D,1,6,20232024,0,0,0.025,R,80,Jordan Spence,LAK,865.5633,14
17,6,22,,1,77,6,Gavrikov,1,28,8478882,9,23,0.2987,D,0,0,20232024,0,1,0.05263,L,114,Vladislav Gavrikov,LAK,1237.0129,14
11,12,20,0.53846,2,81,12,Laferriere,0,46,8482155,-14,23,0.28395,R,0,3,20232024,0,0,0.08163,R,147,Alex Laferriere,LAK,793.2098,14
16,2,17,,0,74,2,Anderson,0,18,8479998,22,18,0.24324,D,0,0,20232024,0,1,0.02247,L,89,Mikey Anderson,LAK,1237.8783,14
8,7,13,0.42628,2,82,8,Lewis,0,20,8473453,7,16,0.19512,C,0,1,20232024,1,2,0.06153,R,130,Trevor Lewis,LAK,698.1463,14
9,5,10,0.33333,1,18,6,Arvidsson,0,14,8478042,4,15,0.83333,L,1,5,20232024,0,0,0.10169,R,59,Viktor Arvidsson,LAK,1001.5,14
8,4,11,0.0,0,51,7,Kaliyev,0,14,8481560,-3,15,0.29411,R,3,4,20232024,0,0,0.0693,L,101,Arthur Kaliyev,LAK,708.1372,14
8,5,12,0.46849,2,62,7,Lizotte,0,20,8481481,11,15,0.24193,C,0,0,20232024,2,3,0.0921,L,76,Blake Lizotte,LAK,709.258,14
4,6,10,0.2,1,50,8,Grundstrom,0,12,8479336,-2,12,0.24,R,1,1,20232024,1,1,0.08421,L,95,Carl Grundstrom,LAK,656.22,14
9,1,10,,0,82,1,Englund,0,81,8477971,-3,10,0.12195,D,0,0,20232024,0,0,0.02439,L,41,Andreas Englund,LAK,793.3414,14
4,2,3,,1,16,2,Clarke,1,10,8482730,-6,6,0.375,D,0,3,20232024,0,0,0.06451,R,31,Brandt Clarke,LAK,819.0625,14
1,3,4,0.4,1,7,3,Thomas,0,2,8480851,0,4,0.57142,C,0,0,20232024,0,0,0.33333,R,9,Akil Thomas,LAK,523.7142,14
3,1,4,0.5,0,20,1,Turcotte,0,6,8481532,5,4,0.2,C,0,0,20232024,0,0,0.07142,L,14,Alex Turcotte,LAK,556.8,14
3,0,3,0.42553,0,30,1,Anderson-Dolan,0,6,8479994,-4,4,0.13333,C,0,0,20232024,1,1,0.03448,L,29,Jaret Anderson-Dolan,"LAK,NSH",657.8,14
0,1,1,,0,24,1,Moverare,0,6,8479421,0,1,0.04166,D,0,0,20232024,0,0,0.0909,L,11,Jacob Moverare,LAK,626.7916,14
0,0,0,,0,1,0,Bjornfot,0,0,8481600,0,0,0.0,D,0,0,20232024,0,0,,L,0,Tobias Bjornfot,"LAK,VGK,FLA",612.0,14
51,20,52,,4,82,29,Robertson,0,22,8480027,19,80,0.9756,L,9,28,20232024,0,0,0.12554,L,231,Jason Robertson,DAL,1099.4878,15
40,16,46,0.51079,4,82,27,Pavelski,1,20,8470794,12,67,0.81707,C,11,21,20232024,0,0,0.13917,R,194,Joe Pavelski,DAL,1008.5609,15
40,19,49,0.56514,7,80,25,Duchene,2,20,8475168,15,65,0.8125,C,6,16,20232024,0,0,0.14534,L,172,Matt Duchene,DAL,1005.975,15
35,19,42,0.56183,6,80,30,Hintz,2,22,8478449,26,65,0.8125,C,8,19,20232024,3,4,0.16483,L,182,Roope Hintz,DAL,1034.3875,15
33,26,52,0.50157,3,82,32,Johnston,0,38,8482740,14,65,0.79268,C,3,10,20232024,3,3,0.14814,R,216,Wyatt Johnston,DAL,1020.1463,15
39,13,35,0.61235,3,82,21,Benn,0,41,8473994,8,60,0.7317,L,7,22,20232024,1,3,0.12804,L,164,Jamie Benn,DAL,907.1951,15
45,7,33,,2,71,9,Heiskanen,0,36,8480036,8,54,0.76056,D,2,21,20232024,0,0,0.05555,L,162,Miro Heiskanen,DAL,1472.4225,15
31,16,42,0.44444,3,81,22,Marchment,0,54,8478975,22,53,0.65432,L,6,11,20232024,0,0,0.14666,L,150,Mason Marchment,DAL,903.5555,15
27,22,42,0.5625,3,68,25,Seguin,0,26,8475794,10,52,0.7647,C,3,8,20232024,0,2,0.16233,R,154,Tyler Seguin,DAL,992.8235,15
32,13,37,,3,79,15,Harley,3,18,8481581,28,47,0.59493,D,1,9,20232024,1,1,0.10416,L,144,Thomas Harley,DAL,1261.0126,15
21,5,25,,0,82,5,Lindell,0,12,8476902,17,26,0.31707,D,0,0,20232024,0,1,0.04385,L,114,Esa Lindell,DAL,1228.3048,15
15,7,21,0.44976,1,77,9,Steel,0,29,8479351,0,24,0.31168,C,0,0,20232024,2,3,0.10465,L,86,Sam Steel,DAL,794.5064,15
11,11,21,0.0,3,51,12,Dadonov,0,8,8474149,-6,23,0.45098,L,1,2,20232024,0,0,0.1791,L,67,Evgenii Dadonov,DAL,790.549,15
9,11,20,0.25,2,75,11,Smith,0,33,8475225,2,20,0.26666,C,0,0,20232024,0,0,0.09821,R,112,Craig Smith,DAL,613.0,15
17,2,17,,0,59,2,Lundkvist,0,16,8480878,13,19,0.32203,D,0,2,20232024,0,0,0.02739,R,73,Nils Lundkvist,DAL,846.3728,15
12,5,15,0.54423,2,74,7,Faksa,0,20,8476889,0,19,0.25675,C,0,0,20232024,2,4,0.09859,L,71,Radek Faksa,DAL,750.9324,15
15,2,16,,1,82,2,Suter,0,28,8470600,14,17,0.20731,D,0,0,20232024,0,1,0.0196,L,102,Ryan Suter,DAL,1136.3902,15
8,5,12,0.64705,0,24,6,Stankoven,0,4,8482702,10,14,0.58333,C,1,2,20232024,0,0,0.11764,R,51,Logan Stankoven,DAL,880.3333,15
10,2,12,,1,64,2,Hakanpää,0,33,8475825,10,12,0.1875,D,0,0,20232024,0,0,0.03571,R,56,Jani Hakanpää,DAL,1118.7812,15
7,2,9,0.41517,0,42,2,Dellandrea,0,23,8480848,-10,9,0.21428,C,0,0,20232024,0,0,0.03773,R,53,Ty Dellandrea,DAL,760.2857,15
4,1,5,,0,19,1,Tanev,0,10,8475690,6,5,0.26315,D,0,0,20232024,0,0,0.07692,R,13,Chris Tanev,"CGY,DAL",1153.4736,15
3,0,3,,0,32,0,Hanley,0,23,8477810,3,3,0.09375,D,0,0,20232024,0,0,0.0,L,12,Joel Hanley,"DAL,CGY",821.75,15
0,0,0,,0,1,0,Petrovic,0,0,8475755,-1,0,0.0,D,0,0,20232024,0,0,0.0,R,2,Alexander Petrovic,DAL,772.0,15
0,0,0,0.33333,0,1,0,Bourque,0,0,8482145,0,0,0.0,C,0,0,20232024,0,0,0.0,R,2,Mavrik Bourque,DAL,656.0,15
0,0,0,,0,5,0,Pouliot,0,0,8476884,-1,0,0.0,D,0,0,20232024,0,0,0.0,L,5,Derrick Pouliot,DAL,728.4,15
35,23,52,0.40206,5,76,33,Konecny,0,67,8478439,4,68,0.89473,R,4,9,20232024,6,7,0.13524,R,244,Travis Konecny,PHI,1190.421,16
25,23,45,0.42222,4,78,28,Tippett,1,12,8480015,-5,53,0.67948,R,5,8,20232024,0,0,0.09688,R,289,Owen Tippett,PHI,995.1666,16
28,20,43,0.375,2,82,22,Farabee,1,37,8480797,-13,50,0.60975,L,2,7,20232024,0,0,0.12087,L,182,Joel Farabee,PHI,971.1829,16
34,9,35,,3,81,10,Sanheim,0,48,8477948,-20,44,0.5432,D,0,5,20232024,1,4,0.06849,L,146,Travis Sanheim,PHI,1428.3209,16
28,10,30,0.49453,1,71,13,Frost,0,22,8480028,4,41,0.57746,C,3,11,20232024,0,0,0.09629,L,135,Morgan Frost,PHI,949.6197,16
26,10,26,0.48925,2,82,13,Laughton,0,69,8476872,-9,39,0.4756,C,1,5,20232024,2,8,0.07784,L,167,Scott Laughton,PHI,939.317,16
27,8,29,0.53477,3,74,11,Couturier,2,29,8476461,-10,38,0.51351,C,3,7,20232024,0,2,0.05729,L,192,Sean Couturier,PHI,1069.4324,16
13,15,24,0.33333,2,77,20,Foerster,0,32,8482159,0,33,0.42857,R,4,8,20232024,1,1,0.11976,R,167,Tyson Foerster,PHI,1036.1298,16
20,10,22,,1,82,10,York,0,44,8481546,-13,30,0.36585,D,0,6,20232024,0,2,0.07462,L,134,Cam York,PHI,1357.1585,16
15,11,22,0.48,3,70,13,Atkinson,0,27,8474715,-22,28,0.4,R,2,6,20232024,0,0,0.07428,R,175,Cam Atkinson,PHI,956.7285,16
17,7,22,0.49147,1,77,11,Poehling,0,6,8480068,-11,28,0.36363,C,1,2,20232024,3,4,0.09909,L,111,Ryan Poehling,PHI,899.7402,16
12,8,18,0.57142,2,57,11,Brink,0,10,8481553,1,23,0.4035,R,3,5,20232024,0,0,0.1358,R,81,Bobby Brink,PHI,827.5789,16
16,4,18,,1,63,6,Walker,0,34,8480336,9,22,0.3492,D,0,1,20232024,2,3,0.05504,R,109,Sean Walker,"PHI,COL",1175.8888,16
16,3,11,,1,66,5,Zamula,0,32,8481178,3,21,0.31818,D,2,9,20232024,0,1,0.08196,L,61,Egor Zamula,PHI,963.4393,16
12,6,16,0.44545,1,59,6,Cates,0,0,8480220,-8,18,0.30508,L,0,0,20232024,0,2,0.07692,L,78,Noah Cates,PHI,827.8305,16
10,6,14,0.66666,1,82,7,Hathaway,0,132,8477903,-7,17,0.20731,R,0,0,20232024,1,3,0.06796,R,103,Garnet Hathaway,PHI,749.2926,16
12,1,9,,0,71,1,Seeler,0,78,8476372,9,13,0.18309,D,0,0,20232024,0,4,0.01,L,100,Nick Seeler,PHI,1016.9014,16
4,1,5,0.4,0,18,1,Lycksell,0,6,8480245,0,5,0.27777,R,0,0,20232024,0,0,0.03448,L,29,Olle Lycksell,PHI,596.7777,16
3,1,3,,0,24,2,Drysdale,0,4,8482142,-18,5,0.20833,D,1,2,20232024,0,0,0.05882,R,34,Jamie Drysdale,"ANA,PHI",1128.2916,16
4,1,5,,0,35,1,Staal,0,14,8471686,2,5,0.14285,D,0,0,20232024,0,0,0.05,L,20,Marc Staal,PHI,828.7142,16
2,2,4,,1,12,2,Belpedio,0,0,8478011,6,4,0.33333,D,0,0,20232024,0,0,0.16666,R,12,Louis Belpedio,PHI,792.1666,16
3,1,4,,0,31,1,Ristolainen,0,8,8477499,-6,4,0.12903,D,0,0,20232024,0,0,0.02173,R,46,Rasmus Ristolainen,PHI,1001.4516,16
3,1,4,0.38461,0,60,1,Deslauriers,0,89,8475235,-7,4,0.06666,L,0,0,20232024,0,0,0.0204,L,49,Nicolas Deslauriers,PHI,488.9666,16
1,2,3,,0,17,2,Johnson,0,2,8473446,-9,3,0.17647,D,0,0,20232024,0,0,0.1,R,20,Erik Johnson,"BUF,PHI",985.8235,16
2,0,2,,0,12,0,Attard,0,6,8481521,1,2,0.16666,D,0,0,20232024,0,0,0.0,R,14,Ronnie Attard,PHI,923.0833,16
52,32,71,0.58226,3,82,42,Crosby,0,40,8471675,7,94,1.14634,C,10,23,20232024,0,0,0.15107,L,278,Sidney Crosby,PIT,1205.2073,17
40,21,49,0.48564,2,82,27,Malkin,0,70,8471215,5,67,0.81707,C,6,18,20232024,0,0,0.13567,L,199,Evgeni Malkin,PIT,1115.0731,17
28,24,46,0.25,3,62,28,Rust,1,20,8475810,10,56,0.90322,R,3,9,20232024,1,1,0.14285,R,196,Bryan Rust,PIT,1174.6935,17
45,9,39,,4,82,11,Karlsson,2,44,8474578,4,56,0.68292,D,2,17,20232024,0,0,0.05164,R,213,Erik Karlsson,PIT,1456.1097,17
30,18,39,0.27777,2,50,22,Guentzel,0,14,8477404,9,52,1.04,C,4,13,20232024,0,0,0.11891,L,185,Jake Guentzel,"PIT,CAR",1252.68,17
41,10,45,,2,82,10,Letang,0,62,8471724,13,51,0.62195,D,0,5,20232024,0,1,0.06097,R,164,Kris Letang,PIT,1481.3048,17
27,12,32,0.26315,3,76,13,Smith,0,18,8475191,3,40,0.52631,R,1,8,20232024,0,0,0.08552,L,152,Reilly Smith,PIT,968.0263,17
22,11,31,0.23076,2,70,15,Rakell,0,22,8476483,4,37,0.52857,R,4,6,20232024,0,0,0.0909,R,165,Rickard Rakell,PIT,990.9428,17
17,15,31,0.46666,2,79,16,O'Connor,0,20,8482055,14,33,0.41772,L,0,0,20232024,1,2,0.1,L,160,Drew O'Connor,PIT,944.7341,17
16,10,24,0.52253,0,82,15,Eller,0,32,8474189,-1,31,0.37804,C,4,5,20232024,1,2,0.0974,L,154,Lars Eller,PIT,957.9268,17
26,4,30,,1,82,4,Pettersson,1,44,8477969,28,30,0.36585,D,0,0,20232024,0,0,0.03773,L,106,Marcus Pettersson,PIT,1360.256,17
15,5,18,0.25,0,52,5,Puustinen,0,6,8481703,4,20,0.38461,R,0,2,20232024,0,0,0.05813,R,86,Valtteri Puustinen,PIT,704.8269,17
13,5,14,1.0,2,21,6,Bunting,0,2,8478047,-4,19,0.90476,L,1,5,20232024,0,0,0.10909,L,55,Michael Bunting,"CAR,PIT",1039.4761,17
4,5,9,0.625,4,72,11,Carter,0,12,8470604,-7,15,0.20833,C,4,4,20232024,2,2,0.12222,R,90,Jeff Carter,PIT,754.2361,17
11,3,14,,1,70,3,Graves,0,30,8477435,10,14,0.2,D,0,0,20232024,0,0,0.03896,L,77,Ryan Graves,PIT,1103.2714,17
9,2,11,,1,52,2,Joseph,0,14,8480058,-3,11,0.21153,D,0,0,20232024,0,0,0.04761,L,42,Pierre-Olivier Joseph,PIT,905.0769,17
3,4,7,0.5,1,33,4,Zohorna,0,18,8482241,0,7,0.21212,L,0,0,20232024,0,0,0.10526,L,38,Radim Zohorna,PIT,585.8787,17
3,4,7,0.54529,1,55,4,Acciari,0,10,8478569,-7,7,0.12727,C,0,0,20232024,0,0,0.06779,R,59,Noel Acciari,PIT,778.2545,17
2,2,3,0.0,1,24,3,Bemstrom,0,2,8480205,0,5,0.20833,C,1,2,20232024,0,0,0.08823,R,34,Emil Bemstrom,"CBJ,PIT",526.625,17
2,3,5,,1,33,3,Ludvig,0,47,8481206,-12,5,0.15151,D,0,0,20232024,0,0,0.125,L,24,John Ludvig,PIT,708.3636,17
3,1,4,,0,22,1,Nieto,0,4,8476442,5,4,0.18181,L,0,0,20232024,0,0,0.07692,L,13,Matt Nieto,PIT,696.6818,17
1,3,4,0.16666,0,22,3,Puljujarvi,0,6,8479344,2,4,0.18181,R,0,0,20232024,0,0,0.10344,R,29,Jesse Puljujarvi,PIT,551.3181,17
4,0,4,1.0,0,45,0,Harkins,0,21,8478424,-4,4,0.08888,C,0,0,20232024,0,0,0.0,L,37,Jansen Harkins,PIT,492.4888,17
3,1,4,,0,47,1,Ruhwedel,0,4,8477244,-4,4,0.0851,D,0,0,20232024,0,0,0.02941,R,34,Chad Ruhwedel,"PIT,NYR",752.8723,17
2,1,3,0.4,0,14,1,Hinostroza,0,4,8476994,-3,3,0.21428,C,0,0,20232024,0,0,0.03703,R,27,Vincent Hinostroza,PIT,585.0,17
60,17,56,0.53123,3,82,26,Thomas,0,48,8480023,9,86,1.04878,C,8,27,20232024,1,3,0.15294,R,170,Robert Thomas,STL,1257.9878,18
36,23,46,0.33333,4,82,31,Kyrou,0,22,8479385,-12,67,0.81707,R,8,21,20232024,0,0,0.1235,R,251,Jordan Kyrou,STL,1099.9024,18
36,17,42,0.37378,5,80,27,Buchnevich,2,48,8477402,3,63,0.7875,L,8,18,20232024,2,3,0.13043,L,207,Pavel Buchnevich,STL,1189.475,18
26,15,33,0.49347,3,82,20,Schenn,2,56,8475170,-22,46,0.56097,C,4,12,20232024,1,1,0.11764,L,170,Brayden Schenn,STL,1066.8536,18
16,21,37,0.42857,7,82,26,Saad,2,20,8476438,-4,42,0.51219,L,5,5,20232024,0,0,0.18055,L,144,Brandon Saad,STL,930.1829,18
35,4,26,,2,77,4,Krug,0,32,8476792,-31,39,0.50649,D,0,13,20232024,0,0,0.02469,L,162,Torey Krug,STL,1317.6753,18
11,19,24,0.37931,4,77,27,Neighbours,0,21,8482089,-16,38,0.4935,L,8,14,20232024,0,0,0.1862,L,145,Jake Neighbours,STL,942.4155,18
28,1,22,,1,60,2,Faulk,0,39,8475753,-2,30,0.5,D,1,7,20232024,0,1,0.01515,R,132,Justin Faulk,STL,1317.7333,18
16,13,24,0.5704,2,79,13,Hayes,0,12,8475763,0,29,0.36708,R,0,5,20232024,0,0,0.08496,L,153,Kevin Hayes,STL,868.0126,18
25,2,25,,0,82,3,Leddy,0,14,8475181,14,28,0.34146,D,0,1,20232024,1,2,0.03658,L,82,Nick Leddy,STL,1341.6951,18
16,9,23,,4,82,10,Parayko,1,23,8476892,4,26,0.31707,D,0,1,20232024,1,2,0.06493,R,154,Colton Parayko,STL,1431.6463,18
16,5,20,0.3421,1,73,6,Kapanen,0,14,8477953,-5,22,0.30136,R,0,0,20232024,1,2,0.0606,R,99,Kasperi Kapanen,STL,863.0547,18
15,2,13,0.41935,0,71,6,Sundqvist,0,32,8476897,-6,21,0.29577,C,3,5,20232024,1,3,0.08823,R,68,Oskar Sundqvist,STL,794.9859,18
7,12,19,0.0,1,82,14,Toropchenko,0,30,8480281,-3,21,0.25609,R,0,0,20232024,2,2,0.1228,L,114,Alexey Toropchenko,STL,751.317,18
17,0,11,,0,54,0,Perunovich,0,12,8481059,1,17,0.31481,D,0,6,20232024,0,0,0.0,L,36,Scott Perunovich,STL,916.3148,18
6,7,13,0.47619,0,45,7,Walker,0,18,8477573,-1,13,0.28888,L,0,0,20232024,0,0,0.16279,L,43,Nathan Walker,STL,648.6,18
4,5,9,0.5,0,25,5,Bolduc,0,6,8482737,0,9,0.36,R,0,0,20232024,0,0,0.13157,L,38,Zachary Bolduc,STL,720.92,18
6,1,7,,1,65,2,Scandella,0,15,8474618,2,8,0.12307,D,0,0,20232024,1,1,0.04761,L,42,Marco Scandella,STL,748.4307,18
6,1,7,,0,39,1,Kessel,0,12,8482516,0,7,0.17948,D,0,0,20232024,0,0,0.03571,R,28,Matthew Kessel,STL,1007.6666,18
6,1,7,0.22222,0,53,1,Blais,0,31,8478104,-11,7,0.13207,L,0,0,20232024,0,0,0.0303,L,33,Samuel Blais,STL,581.3584,18
4,2,6,0.0,0,21,2,Vrana,0,8,8477944,-7,6,0.28571,L,0,0,20232024,0,0,0.04761,L,42,Jakub Vrana,STL,727.5714,18
2,0,2,0.40659,0,23,0,Alexandrov,0,4,8481543,-4,2,0.08695,C,0,0,20232024,0,0,0.0,L,15,Nikita Alexandrov,STL,511.5652,18
1,1,2,,0,26,1,Tucker,0,42,8481006,1,2,0.07692,D,0,0,20232024,0,0,0.05882,L,17,Tyler Tucker,STL,747.0384,18
1,0,1,,0,6,0,Rosen,0,2,8480157,-1,1,0.16666,D,0,0,20232024,0,0,0.0,L,5,Calle Rosen,STL,759.8333,18
1,0,1,,0,8,0,MacEachern,0,0,8476907,-1,1,0.125,L,0,0,20232024,0,0,0.0,L,4,Mackenzie MacEachern,STL,472.125,18
37,19,47,0.4,7,75,22,Tuch,0,54,8477949,9,59,0.78666,R,2,11,20232024,1,1,0.11458,R,192,Alex Tuch,BUF,1170.2266,19
39,14,39,,2,81,20,Dahlin,1,66,8480839,-3,59,0.72839,D,6,20,20232024,0,0,0.0851,L,235,Rasmus Dahlin,BUF,1525.3456,19
27,18,38,0.43306,3,71,29,Thompson,0,43,8479420,-1,56,0.78873,C,9,16,20232024,2,2,0.11788,R,246,Tage Thompson,BUF,1087.0845,19
22,25,43,0.2,5,82,28,Peterka,0,28,8482175,10,50,0.60975,R,3,7,20232024,0,0,0.12389,L,226,JJ Peterka,BUF,983.5487,19
33,12,39,0.47123,1,62,14,Mittelstadt,0,28,8479999,12,47,0.75806,C,2,8,20232024,0,0,0.13725,L,102,Casey Mittelstadt,"BUF,COL",1096.2096,19
29,13,34,0.45549,1,79,18,Cozens,1,42,8481528,-4,47,0.59493,C,2,10,20232024,3,3,0.09,R,200,Dylan Cozens,BUF,1033.5316,19
22,16,34,0.41935,3,74,24,Skinner,1,34,8475784,-2,46,0.62162,L,8,12,20232024,0,0,0.11374,L,211,Jeff Skinner,BUF,959.7702,19
27,6,26,,1,76,6,Power,0,28,8482671,8,33,0.43421,D,0,6,20232024,0,1,0.05555,L,108,Owen Power,BUF,1375.1973,19
19,11,28,0.29411,1,71,11,Benson,0,36,8484145,-3,30,0.42253,L,0,2,20232024,0,0,0.11224,L,98,Zach Benson,BUF,871.0422,19
18,9,24,0.29824,1,67,10,Greenway,0,64,8478413,11,28,0.41791,L,1,3,20232024,0,1,0.09345,L,107,Jordan Greenway,BUF,1034.9701,19
10,9,17,0.47601,0,61,12,Okposo,0,32,8473449,1,22,0.36065,R,2,4,20232024,1,1,0.1132,R,106,Kyle Okposo,"BUF,FLA",816.836,19
17,3,19,,1,74,3,Jokiharju,1,24,8480035,14,20,0.27027,D,0,0,20232024,0,1,0.03571,R,84,Henri Jokiharju,BUF,1138.7972,19
10,8,16,0.33333,2,27,9,Quinn,0,8,8482097,-1,19,0.7037,R,1,3,20232024,0,0,0.16071,R,56,Jack Quinn,BUF,938.4814,19
14,4,18,,1,79,4,Clifton,0,88,8477365,12,18,0.22784,D,0,0,20232024,0,0,0.05194,R,77,Connor Clifton,BUF,993.3544,19
13,4,17,0.46254,2,80,4,Krebs,0,67,8481522,2,17,0.2125,C,0,0,20232024,0,0,0.05405,L,74,Peyton Krebs,BUF,750.3375,19
8,6,12,0.0,1,51,7,Olofsson,0,4,8478109,-1,15,0.29411,L,1,3,20232024,0,0,0.10606,L,66,Victor Olofsson,BUF,694.1372,19
6,8,14,0.47715,3,63,8,Girgensons,0,21,8476878,-1,14,0.22222,C,0,0,20232024,0,0,0.10958,L,73,Zemgus Girgensons,BUF,710.9841,19
6,3,8,,0,18,3,Byram,0,13,8481524,-1,9,0.5,D,0,1,20232024,0,0,0.14285,L,21,Bowen Byram,"COL,BUF",1310.9444,19
7,2,9,0.5,0,40,2,Robinson,0,19,8480762,0,9,0.225,L,0,0,20232024,0,0,0.03846,L,52,Eric Robinson,"CBJ,BUF",659.825,19
7,1,8,,0,36,1,Bryson,0,8,8480196,5,8,0.22222,D,0,0,20232024,0,0,0.06666,L,15,Jacob Bryson,BUF,880.6111,19
6,1,7,,1,41,1,Samuelsson,0,26,8480807,4,7,0.17073,D,0,0,20232024,0,0,0.02272,L,44,Mattias Samuelsson,BUF,1230.0,19
7,0,7,,0,41,0,Johnson,0,12,8481564,3,7,0.17073,D,0,0,20232024,0,0,0.0,L,35,Ryan Johnson,BUF,832.0243,19
3,3,6,0.42574,0,43,3,Jost,0,10,8479370,-11,6,0.13953,C,0,0,20232024,0,0,0.0625,L,48,Tyson Jost,BUF,635.7674,19
0,3,3,,1,50,3,Johnson,0,24,8473446,-5,3,0.06,D,0,0,20232024,0,0,0.075,R,40,Erik Johnson,"BUF,PHI",828.48,19
0,2,2,0.47826,0,5,2,Biro,0,0,8482061,0,2,0.4,L,0,0,20232024,0,0,1.0,L,2,Brandon Biro,BUF,650.6,19
66,25,61,0.56331,9,81,37,Miller,2,58,8476468,32,103,1.2716,C,10,40,20232024,2,2,0.19072,L,194,J.T. Miller,VAN,1169.395,20
75,12,54,,2,82,17,Hughes,1,38,8480800,38,92,1.12195,D,5,38,20232024,0,0,0.08542,L,199,Quinn Hughes,VAN,1481.0975,20
55,21,56,0.50813,10,82,34,Pettersson,2,12,8480012,20,89,1.08536,C,13,31,20232024,0,2,0.16425,L,207,Elias Pettersson,VAN,1179.0243,20
33,24,48,0.52,4,81,40,Boeser,1,14,8478444,23,73,0.90123,R,16,25,20232024,0,0,0.19607,R,204,Brock Boeser,VAN,1116.1358,20
43,3,37,,0,81,5,Hronek,0,38,8479425,33,48,0.59259,D,2,11,20232024,0,0,0.03378,R,148,Filip Hronek,VAN,1406.4814,20
27,19,42,0.2,3,82,20,Garland,0,35,8478856,19,47,0.57317,R,1,5,20232024,0,0,0.1,R,200,Conor Garland,VAN,872.3048,20
12,24,36,,5,80,24,Hoglander,0,51,8481535,23,36,0.45,L,0,0,20232024,0,0,0.2,L,120,Nils Hoglander,VAN,726.375,20
14,17,31,0.47222,5,63,18,Joshua,0,60,8478057,19,32,0.50793,C,1,1,20232024,0,0,0.21428,L,84,Dakota Joshua,VAN,863.1111,20
20,11,31,0.27586,1,78,11,Mikheyev,0,4,8481624,1,31,0.39743,R,0,0,20232024,0,0,0.07482,L,147,Ilya Mikheyev,VAN,855.8461,20
15,12,24,0.49336,3,67,14,Suter,0,16,8480459,17,29,0.43283,C,2,5,20232024,0,0,0.13333,L,105,Pius Suter,VAN,929.7014,20
24,3,27,,0,77,5,Myers,0,77,8474574,16,29,0.37662,D,0,0,20232024,2,2,0.05376,R,93,Tyler Myers,VAN,1136.935,20
22,4,24,0.53137,0,68,6,Blueger,0,31,8476927,4,28,0.41176,C,0,0,20232024,2,4,0.06185,L,97,Teddy Blueger,VAN,896.1176,20
11,12,23,0.42134,3,79,13,Lafferty,0,32,8478043,4,24,0.30379,C,0,0,20232024,1,1,0.16666,R,78,Sam Lafferty,VAN,712.7594,20
13,5,14,1.0,2,43,8,Kuzmenko,0,6,8483808,-1,21,0.48837,L,3,7,20232024,0,0,0.12698,R,63,Andrei Kuzmenko,"VAN,CGY",861.093,20
9,5,13,,1,54,5,Zadorov,0,102,8477507,6,14,0.25925,D,0,0,20232024,0,1,0.08196,L,61,Nikita Zadorov,"CGY,VAN",1024.0,20
6,3,8,0.58689,1,26,6,Lindholm,0,4,8477496,-6,12,0.46153,C,3,3,20232024,0,1,0.14285,R,42,Elias Lindholm,"CGY,VAN",1062.3076,20
9,2,11,,0,78,2,Cole,0,61,8474013,10,11,0.14102,D,0,0,20232024,0,0,0.03278,L,61,Ian Cole,VAN,1121.3589,20
5,5,10,0.29411,1,51,5,Di Giuseppe,0,36,8476858,-1,10,0.19607,L,0,0,20232024,0,0,0.09615,L,52,Phillip Di Giuseppe,VAN,725.7254,20
6,1,6,0.42857,0,22,2,Beauvillier,0,4,8478463,8,8,0.36363,L,1,2,20232024,0,0,0.05405,L,37,Anthony Beauvillier,"VAN,CHI,NSH",819.1363,20
4,3,7,0.45569,0,43,3,Aman,0,8,8482496,-3,7,0.16279,C,0,0,20232024,0,0,0.10714,L,28,Nils Aman,VAN,620.0465,20
6,1,7,,0,54,1,Juulsen,0,22,8478454,-1,7,0.12962,D,0,0,20232024,0,0,0.03333,R,30,Noah Juulsen,VAN,893.6666,20
4,1,4,,0,40,2,Soucy,0,12,8477369,10,6,0.15,D,1,2,20232024,0,0,0.06896,L,29,Carson Soucy,VAN,1049.125,20
2,0,2,0.375,0,19,0,Podkolzin,0,8,8481617,-4,2,0.10526,R,0,0,20232024,0,0,0.0,L,20,Vasily Podkolzin,VAN,648.5789,20
0,1,1,0.36363,0,5,1,Studnicka,0,0,8480021,2,1,0.2,C,0,0,20232024,0,0,0.25,R,4,Jack Studnicka,"VAN,SJS",611.4,20
1,0,1,,0,23,0,Friedman,0,21,8478017,4,1,0.04347,D,0,0,20232024,0,0,0.0,R,16,Mark Friedman,VAN,733.9565,20
46,19,53,0.48925,4,82,29,Kadri,2,43,8475172,0,75,0.91463,C,10,22,20232024,0,0,0.10469,L,277,Nazem Kadri,CGY,1105.5487,21
28,22,35,0.39002,4,82,31,Sharangovich,1,8,8481068,-29,59,0.71951,C,6,17,20232024,3,7,0.17318,L,179,Yegor Sharangovich,CGY,1038.8902,21
24,23,45,0.44927,7,78,30,Coleman,0,76,8476399,19,54,0.6923,L,3,3,20232024,4,6,0.15706,L,191,Blake Coleman,CGY,1027.9871,21
40,8,33,0.48387,2,81,12,Huberdeau,0,49,8476456,-29,52,0.64197,L,4,19,20232024,0,0,0.08391,L,143,Jonathan Huberdeau,CGY,1045.3209,21
32,17,35,,2,82,20,Weegar,1,51,8477346,2,52,0.63414,D,3,15,20232024,0,2,0.09615,R,208,MacKenzie Weegar,CGY,1375.817,21
26,11,36,0.5,0,75,14,Mangiapane,0,47,8478233,7,40,0.53333,L,2,3,20232024,1,1,0.11475,L,122,Andrew Mangiapane,CGY,959.72,21
30,8,30,,3,78,9,Andersson,1,47,8478397,-11,39,0.5,D,0,8,20232024,1,1,0.0566,R,159,Rasmus Andersson,CGY,1429.5769,21
24,12,34,0.5029,2,82,15,Backlund,0,24,8474150,-4,39,0.4756,C,2,3,20232024,1,2,0.07177,L,209,Mikael Backlund,CGY,1154.0731,21
24,8,26,,1,61,11,Hanifin,0,22,8478396,13,35,0.57377,D,3,8,20232024,0,1,0.08943,L,123,Noah Hanifin,"CGY,VGK",1426.1803,21
20,13,30,0.44036,3,63,14,Zary,0,22,8482074,12,34,0.53968,C,1,4,20232024,0,0,0.15555,L,90,Connor Zary,CGY,916.4126,21
23,5,21,0.55532,3,49,9,Lindholm,0,21,8477496,-8,32,0.65306,C,3,9,20232024,1,2,0.0687,R,131,Elias Lindholm,"CGY,VAN",1244.9183,21
11,9,13,,2,29,14,Kuzmenko,1,6,8483808,-8,25,0.86206,L,5,12,20232024,0,0,0.24137,R,58,Andrei Kuzmenko,"VAN,CGY",940.4482,21
16,8,24,0.45098,1,63,8,Pospisil,0,109,8481028,14,24,0.38095,C,0,0,20232024,0,0,0.06837,L,117,Martin Pospisil,CGY,763.1746,21
13,1,14,,0,56,1,Tanev,0,14,8475690,16,14,0.25,D,0,0,20232024,0,0,0.02325,R,43,Chris Tanev,"CGY,DAL",1190.375,21
6,5,11,0.5,0,59,6,Greer,0,35,8478421,-7,12,0.20338,L,1,1,20232024,0,0,0.10526,L,57,A.J. Greer,CGY,529.8983,21
6,2,8,0.26315,0,34,3,Coronato,0,4,8482679,-15,9,0.2647,R,1,1,20232024,0,0,0.05172,R,58,Matt Coronato,CGY,756.6764,21
6,3,5,0.48407,1,39,3,Ruzicka,0,6,8480008,-8,9,0.23076,C,0,4,20232024,0,0,0.08823,L,34,Adam Ruzicka,"CGY,ARI",609.641,21
5,3,8,0.4,1,28,3,Hunt,0,7,8478211,1,8,0.28571,L,0,0,20232024,0,0,0.0909,L,33,Dryden Hunt,CGY,667.75,21
5,3,8,,0,33,3,Kylington,0,12,8478430,-6,8,0.24242,D,0,0,20232024,0,0,0.07142,L,42,Oliver Kylington,CGY,1034.8787,21
4,3,5,,0,20,3,Miromanov,0,8,8482624,0,7,0.35,D,0,2,20232024,0,0,0.075,R,40,Daniil Miromanov,"VGK,CGY",1275.4,21
6,1,7,,0,34,1,Gilbert,0,16,8478502,-7,7,0.20588,D,0,0,20232024,0,0,0.04347,L,23,Dennis Gilbert,CGY,737.0,21
5,2,7,0.16666,0,40,2,Duehr,0,6,8482652,-3,7,0.175,R,0,0,20232024,0,0,0.06896,R,29,Walker Duehr,CGY,487.0,21
4,2,6,0.53061,0,43,3,Dube,0,8,8479346,-13,7,0.16279,C,1,1,20232024,0,0,0.07142,L,42,Dillon Dube,CGY,669.8372,21
5,1,6,,0,21,1,Zadorov,0,23,8477507,-6,6,0.28571,D,0,0,20232024,0,0,0.03448,L,29,Nikita Zadorov,"CGY,VAN",1104.1904,21
5,1,5,,0,33,1,Pachal,0,39,8481167,-1,6,0.18181,D,0,0,20232024,0,1,0.02941,R,34,Brayden Pachal,"VGK,CGY",882.6969,21
57,18,55,0.42982,4,80,23,Barzal,2,34,8478445,-4,80,1.0,C,5,25,20232024,0,0,0.09583,R,240,Mathew Barzal,NYI,1207.95,22
60,9,45,,4,79,10,Dobson,0,36,8480865,12,70,0.88607,D,1,24,20232024,0,1,0.05747,R,174,Noah Dobson,NYI,1470.5696,22
35,24,48,0.45235,2,82,34,Nelson,1,28,8475754,-5,69,0.84146,C,9,19,20232024,1,2,0.136,L,250,Brock Nelson,NYI,1085.0121,22
35,22,48,0.53911,6,81,33,Horvat,3,39,8477500,-1,68,0.8395,C,10,18,20232024,1,2,0.13306,L,248,Bo Horvat,NYI,1181.6296,22
24,20,34,0.38235,8,82,30,Palmieri,1,26,8475151,-16,54,0.65853,C,10,20,20232024,0,0,0.13761,R,218,Kyle Palmieri,NYI,1033.1829,22
17,15,32,0.43181,2,81,20,Lee,0,68,8475314,2,37,0.45679,L,5,5,20232024,0,0,0.1081,L,185,Anders Lee,NYI,934.0246,22
22,9,25,0.55428,2,82,11,Pageau,1,13,8476419,-8,33,0.40243,C,1,2,20232024,1,6,0.10891,R,101,Jean-Gabriel Pageau,NYI,954.5,22
18,8,21,0.46296,1,74,10,Engvall,0,18,8478115,4,28,0.37837,L,2,7,20232024,0,0,0.07812,L,128,Pierre Engvall,NYI,919.5,22
10,10,18,0.31578,3,75,15,Holmstrom,0,14,8481601,2,25,0.33333,R,0,0,20232024,5,7,0.20833,L,72,Simon Holmstrom,NYI,799.16,22
18,5,18,,1,59,6,Reilly,0,28,8476422,1,24,0.40677,D,0,5,20232024,1,1,0.05042,L,119,Mike Reilly,"FLA,NYI",1035.5084,22
13,9,21,0.53405,1,70,10,Cizikas,0,22,8475231,-2,23,0.32857,C,0,1,20232024,1,1,0.12195,L,82,Casey Cizikas,NYI,836.4571,22
15,7,22,,0,81,7,Romanov,0,20,8481014,23,22,0.2716,D,0,0,20232024,0,0,0.05982,L,117,Alexander Romanov,NYI,1250.4197,22
14,3,13,,1,58,5,Pulock,0,12,8477506,3,19,0.32758,D,2,6,20232024,0,0,0.05555,R,90,Ryan Pulock,NYI,1353.0,22
12,7,19,0.37142,0,82,7,Clutterbuck,0,32,8473504,4,19,0.2317,R,0,0,20232024,0,0,0.11864,R,59,Cal Clutterbuck,NYI,712.7682,22
15,1,15,,1,58,1,Pelech,1,27,8476917,-2,16,0.27586,D,0,0,20232024,0,1,0.01408,L,71,Adam Pelech,NYI,1216.8965,22
10,4,14,0.5,1,45,4,Fasching,0,6,8477392,-7,14,0.31111,R,0,0,20232024,0,0,0.09756,R,41,Hudson Fasching,NYI,722.5555,22
4,5,9,0.375,1,27,5,Gauthier,0,8,8479328,-5,9,0.33333,R,0,0,20232024,0,0,0.15625,R,32,Julien Gauthier,NYI,610.1851,22
5,4,9,0.4251,0,32,4,MacLean,0,11,8481237,5,9,0.28125,C,0,0,20232024,0,0,0.15384,L,26,Kyle MacLean,NYI,605.1875,22
7,2,7,,0,58,2,Aho,0,12,8480222,-7,9,0.15517,D,0,2,20232024,0,0,0.04166,L,48,Sebastian Aho,NYI,983.4827,22
4,4,8,0.38888,0,57,4,Martin,0,43,8474709,7,8,0.14035,L,0,0,20232024,0,0,0.08333,L,48,Matt Martin,NYI,558.7543,22
4,1,4,0.41666,0,32,2,Wahlstrom,0,8,8480789,-6,6,0.1875,R,1,2,20232024,0,0,0.04878,R,41,Oliver Wahlstrom,NYI,664.2187,22
3,1,4,,0,34,2,Bolduc,0,6,8481541,-4,5,0.14705,D,1,1,20232024,0,0,0.0625,L,32,Samuel Bolduc,NYI,788.7058,22
5,0,5,,0,41,0,Mayfield,0,35,8476429,-7,5,0.12195,D,0,0,20232024,0,0,0.0,R,36,Scott Mayfield,NYI,1125.878,22
1,0,0,,0,1,0,Iskhakov,0,0,8481016,0,1,1.0,C,0,1,20232024,0,0,0.0,L,2,Ruslan Iskhakov,NYI,851.0,22
0,0,0,,0,2,0,Hutton,0,0,8480306,1,0,0.0,D,0,0,20232024,0,0,,R,0,Grant Hutton,NYI,526.0,22
56,20,55,0.36363,7,82,27,Bratt,0,12,8479407,-6,83,1.01219,L,7,27,20232024,0,1,0.10887,L,248,Jesper Bratt,NJD,1158.439,23
47,18,43,0.37223,4,62,27,Hughes,2,12,8481559,-12,74,1.19354,C,9,31,20232024,0,0,0.09854,L,274,Jack Hughes,NJD,1258.4354,23
40,20,49,0.56596,4,71,27,Hischier,0,12,8480002,-5,67,0.94366,C,6,17,20232024,1,1,0.14835,L,182,Nico Hischier,NJD,1168.9295,23
24,18,35,0.48888,4,69,28,Meier,1,45,8478414,-28,52,0.75362,R,10,17,20232024,0,0,0.13526,L,207,Timo Meier,NJD,1056.0869,23
38,5,22,,1,82,9,Hughes,1,28,8482684,-25,47,0.57317,D,4,25,20232024,0,0,0.06666,L,135,Luke Hughes,NJD,1288.4146,23
18,18,30,0.39062,2,61,26,Toffoli,1,12,8475726,-15,44,0.72131,C,8,14,20232024,0,0,0.14525,R,179,Tyler Toffoli,"NJD,WPG",1052.0983,23
19,14,30,0.5482,2,76,16,Haula,0,54,8475287,-1,35,0.46052,L,1,3,20232024,1,2,0.10322,L,155,Erik Haula,NJD,1012.671,23
13,16,28,0.44905,2,82,20,Mercer,0,29,8482110,-26,33,0.40243,C,4,5,20232024,0,0,0.14925,R,134,Dawson Mercer,NJD,1033.0487,23
20,10,26,0.23529,0,71,11,Palat,0,37,8476292,-9,31,0.43661,L,1,5,20232024,0,0,0.10185,L,108,Ondrej Palat,NJD,938.9154,23
12,15,26,0.29629,3,82,16,Holtz,0,14,8482125,-15,28,0.34146,R,1,2,20232024,0,0,0.13114,R,122,Alexander Holtz,NJD,698.0975,23
18,6,24,0.48767,2,71,7,Lazar,0,44,8477508,10,25,0.35211,C,0,0,20232024,1,1,0.09459,R,74,Curtis Lazar,NJD,743.3802,23
21,4,25,,1,75,4,Marino,0,41,8478507,-6,25,0.33333,D,0,0,20232024,0,0,0.07017,R,57,John Marino,NJD,1257.48,23
9,10,19,0.6503,2,45,10,McLeod,0,10,8479415,6,19,0.42222,C,0,0,20232024,0,0,0.13698,R,73,Michael McLeod,NJD,908.6444,23
16,3,17,,1,60,3,Nemec,0,33,8483495,-7,19,0.31666,D,0,2,20232024,0,0,0.04109,R,73,Simon Nemec,NJD,1191.7833,23
11,1,8,,0,20,5,Hamilton,0,20,8476462,-8,16,0.8,D,4,8,20232024,0,0,0.08196,R,61,Dougie Hamilton,NJD,1258.5,23
10,5,15,,0,63,5,Smith,0,61,8474090,-3,15,0.23809,D,0,0,20232024,0,0,0.08333,L,60,Brendan Smith,NJD,966.0317,23
8,4,12,0.57216,0,52,4,Tierney,0,21,8476919,3,12,0.23076,C,0,0,20232024,0,0,0.15384,L,26,Chris Tierney,NJD,541.5,23
7,5,12,0.51851,1,54,5,Bastian,0,32,8479414,-10,12,0.22222,R,0,0,20232024,0,0,0.08771,R,57,Nathan Bastian,NJD,609.9259,23
10,1,11,,1,82,1,Bahl,0,82,8480860,1,11,0.13414,D,0,0,20232024,0,0,0.01587,L,63,Kevin Bahl,NJD,1043.7926,23
8,1,9,,0,57,1,Siegenthaler,0,20,8478399,-7,9,0.15789,D,0,0,20232024,0,0,0.01587,L,63,Jonas Siegenthaler,NJD,1160.3157,23
4,4,8,,0,41,4,Miller,0,24,8476525,10,8,0.19512,D,0,0,20232024,0,0,0.06153,R,65,Colin Miller,"NJD,WPG",955.0975,23
4,2,6,0.51931,0,36,2,Nosek,0,6,8477931,-11,6,0.16666,L,0,0,20232024,0,0,0.05263,L,38,Tomas Nosek,NJD,708.5277,23
1,3,4,0.33333,1,18,3,Willman,0,2,8478051,1,4,0.22222,C,0,0,20232024,0,0,0.17647,L,17,Max Willman,NJD,499.9444,23
1,1,2,,0,11,1,DeSimone,0,2,8480084,7,2,0.18181,D,0,0,20232024,0,0,0.11111,R,9,Nick DeSimone,"CGY,NJD",989.3636,23
2,0,2,,0,12,0,Hatakka,0,4,8481701,5,2,0.16666,D,0,0,20232024,0,0,0.0,L,12,Santeri Hatakka,NJD,878.75,23
40,21,45,0.52803,5,82,27,Strome,3,22,8478440,-13,67,0.81707,C,6,22,20232024,0,0,0.15976,L,169,Dylan Strome,WSH,1077.0,24
34,18,37,0.0,5,79,31,Ovechkin,1,20,8471214,-22,65,0.82278,L,13,28,20232024,0,0,0.11397,R,272,Alex Ovechkin,WSH,1153.2658,24
42,4,31,,5,82,10,Carlson,0,40,8474590,-7,52,0.63414,D,6,21,20232024,0,0,0.05681,R,176,John Carlson,WSH,1553.5,24
17,11,23,0.36666,3,74,18,Wilson,0,133,8476880,-19,35,0.47297,R,5,10,20232024,2,2,0.1065,R,169,Tom Wilson,WSH,1086.1216,24
14,17,27,0.28571,0,56,20,Mantha,0,17,8477511,5,34,0.60714,R,3,7,20232024,0,0,0.22222,L,90,Anthony Mantha,"WSH,VGK",849.2142,24
15,15,25,0.42431,3,80,18,McMichael,0,34,8481580,-20,33,0.4125,C,2,6,20232024,1,2,0.13333,L,135,Connor McMichael,WSH,959.2,24
23,6,28,0.40384,1,78,6,Protas,0,8,8481656,-3,29,0.37179,C,0,0,20232024,0,1,0.05309,L,113,Aliaksei Protas,WSH,824.7692,24
13,5,14,0.27906,4,52,12,Oshie,0,44,8471698,-6,25,0.48076,R,7,11,20232024,0,0,0.13333,R,90,T.J. Oshie,WSH,1012.1346,24
19,2,12,0.29411,0,47,4,Pacioretty,0,25,8474157,-14,23,0.48936,L,2,11,20232024,0,0,0.0421,L,95,Max Pacioretty,WSH,866.0212,24
8,12,19,,2,49,15,Milano,0,10,8477947,4,23,0.46938,L,3,4,20232024,0,0,0.3,L,50,Sonny Milano,WSH,750.4897,24
20,3,18,,1,68,3,Sandin,0,24,8480873,-13,23,0.33823,D,0,5,20232024,0,0,0.03797,L,79,Rasmus Sandin,WSH,1267.2352,24
14,8,20,0.375,1,51,8,Lapierre,0,4,8482148,-1,22,0.43137,C,0,2,20232024,0,0,0.15686,L,51,Hendrix Lapierre,WSH,686.2352,24
10,12,22,0.48144,2,64,12,Dowd,0,47,8475343,-2,22,0.34375,C,0,0,20232024,0,0,0.19672,R,61,Nic Dowd,WSH,912.1562,24
15,6,20,0.45098,1,81,6,Malenstyn,0,25,8479359,-1,21,0.25925,L,0,0,20232024,0,1,0.06122,L,98,Beck Malenstyn,WSH,854.6172,24
11,6,13,0.45303,1,43,6,Kuznetsov,0,24,8475744,-11,17,0.39534,C,0,4,20232024,0,0,0.08695,L,69,Evgeny Kuznetsov,"WSH,CAR",1127.1162,24
10,6,16,0.33333,0,60,6,Aube-Kubel,0,23,8477979,4,16,0.26666,R,0,0,20232024,0,0,0.10344,R,58,Nicolas Aube-Kubel,WSH,732.45,24
13,3,15,,0,66,3,Fehervary,0,24,8480796,-7,16,0.24242,D,0,0,20232024,0,1,0.04918,L,61,Martin Fehervary,WSH,1177.8636,24
14,0,13,,0,70,0,van Riemsdyk,0,18,8477845,-7,14,0.2,D,0,0,20232024,0,1,0.0,R,75,Trevor van Riemsdyk,WSH,1119.8714,24
13,1,14,,0,78,1,Jensen,0,10,8475324,-9,14,0.17948,D,0,0,20232024,0,0,0.01408,R,71,Nick Jensen,WSH,1177.7692,24
3,4,6,0.46031,1,25,4,Sgarbossa,0,2,8475958,0,7,0.28,C,0,1,20232024,0,0,0.14814,L,27,Michael Sgarbossa,WSH,658.24,24
4,2,5,0.0,0,21,2,Miroshnichenko,0,6,8483491,-4,6,0.28571,L,0,1,20232024,0,0,0.06666,R,30,Ivan Miroshnichenko,WSH,728.4285,24
5,1,6,,0,44,1,Edmundson,0,19,8476441,-5,6,0.13636,D,0,0,20232024,0,0,0.02439,L,41,Joel Edmundson,"WSH,TOR",986.0909,24
4,1,5,0.33333,0,28,1,Phillips,0,0,8479547,-3,5,0.17857,R,0,0,20232024,0,0,0.05882,R,17,Matthew Phillips,"WSH,PIT,WSH",603.5714,24
3,1,4,,1,24,1,Bear,0,10,8478451,-5,4,0.16666,D,0,0,20232024,0,0,0.04166,R,24,Ethan Bear,WSH,894.3333,24
2,1,3,,0,39,1,Alexeyev,0,6,8480823,-8,3,0.07692,D,0,0,20232024,0,0,0.05,L,20,Alexander Alexeyev,WSH,821.7692,24
100,24,87,0.51098,5,76,32,McDavid,1,30,8478402,35,132,1.73684,C,7,44,20232024,1,1,0.12167,L,263,Connor McDavid,EDM,1281.5526,25
65,20,65,0.56926,7,81,41,Draisaitl,2,76,8477934,26,106,1.30864,C,21,39,20232024,0,2,0.18894,L,217,Leon Draisaitl,EDM,1241.7283,25
64,10,47,,7,81,18,Bouchard,2,32,8480803,34,82,1.01234,D,8,35,20232024,0,0,0.08181,R,220,Evan Bouchard,EDM,1379.8271,25
23,39,57,0.4375,7,80,54,Hyman,1,48,8475786,36,77,0.9625,L,15,20,20232024,0,0,0.1862,R,290,Zach Hyman,EDM,1170.025,25
49,14,38,0.47967,3,80,18,Nugent-Hopkins,0,36,8476454,10,67,0.8375,C,4,26,20232024,0,3,0.09836,L,183,Ryan Nugent-Hopkins,EDM,1177.45,25
34,8,41,,3,79,11,Ekholm,0,47,8475218,44,45,0.56962,D,2,3,20232024,1,1,0.06214,L,177,Mattias Ekholm,EDM,1262.962,25
20,21,36,0.47945,3,77,24,Kane,1,85,8475169,-4,44,0.57142,L,2,7,20232024,1,1,0.10909,L,220,Evander Kane,EDM,1006.6103,25
21,18,38,0.45454,2,82,20,Foegele,0,47,8477998,3,41,0.5,L,1,1,20232024,1,2,0.0995,L,201,Warren Foegele,EDM,838.5487,25
22,8,26,,2,81,10,Nurse,1,79,8477498,3,32,0.39506,D,1,5,20232024,1,1,0.05524,L,181,Darnell Nurse,EDM,1313.6666,25
18,12,27,0.50835,3,81,12,McLeod,0,10,8480802,10,30,0.37037,C,0,1,20232024,0,2,0.1132,L,106,Ryan McLeod,EDM,854.5802,25
20,5,24,,0,79,5,Ceci,0,14,8476879,12,25,0.31645,D,0,0,20232024,0,1,0.05154,R,97,Cody Ceci,EDM,1201.3544,25
13,3,15,,1,82,3,Kulak,0,30,8476967,0,16,0.19512,D,0,1,20232024,0,0,0.03191,L,94,Brett Kulak,EDM,923.0609,25
5,6,11,0.0,1,38,8,Perry,0,34,8470621,-1,13,0.3421,R,2,2,20232024,0,0,0.14285,R,56,Corey Perry,"CHI,EDM",770.8157,25
7,3,9,0.55745,0,70,5,Ryan,0,8,8478585,-3,12,0.17142,C,0,0,20232024,2,3,0.09615,R,52,Derek Ryan,EDM,611.6,25
8,4,12,0.41463,0,71,4,Brown,0,10,8477015,-8,12,0.16901,R,0,0,20232024,0,0,0.03703,R,108,Connor Brown,EDM,767.9718,25
8,4,12,0.42666,0,71,4,Janmark,0,46,8477406,0,12,0.16901,C,0,0,20232024,0,0,0.0597,L,67,Mattias Janmark,EDM,713.7183,25
10,1,10,,0,78,1,Desharnais,0,54,8479576,3,11,0.14102,D,0,0,20232024,0,1,0.02439,R,41,Vincent Desharnais,EDM,943.6794,25
5,5,9,0.625,2,28,5,Gagner,0,10,8474040,-2,10,0.35714,C,0,1,20232024,0,0,0.10416,R,48,Sam Gagner,EDM,612.6071,25
3,6,9,0.55232,1,22,6,Henrique,0,4,8474641,6,9,0.40909,C,0,0,20232024,0,0,0.20689,L,29,Adam Henrique,"ANA,EDM",889.5454,25
3,5,8,0.57446,0,38,6,Holloway,0,29,8482077,-1,9,0.23684,L,1,1,20232024,0,0,0.10714,L,56,Dylan Holloway,EDM,682.2894,25
3,2,5,0.63057,0,16,2,Carrick,0,12,8475842,0,5,0.3125,C,0,0,20232024,0,0,0.13333,R,15,Sam Carrick,"ANA,EDM",640.8125,25
1,2,3,0.50625,0,31,2,Hamblin,0,0,8480468,3,3,0.09677,L,0,0,20232024,0,0,0.11111,L,18,James Hamblin,EDM,475.4838,25
2,0,2,,0,7,0,Stecher,0,8,8479442,4,2,0.28571,D,0,0,20232024,0,0,0.0,R,6,Troy Stecher,"ARI,EDM",960.1428,25
2,0,1,,0,12,0,Broberg,0,0,8481598,-3,2,0.16666,D,0,1,20232024,0,0,0.0,L,6,Philip Broberg,EDM,697.0833,25
1,1,2,0.44444,0,24,1,Erne,0,9,8477454,0,2,0.08333,L,0,0,20232024,0,0,0.07692,L,13,Adam Erne,EDM,469.125,25
53,24,55,0.54123,10,78,36,Aho,2,36,8478427,34,89,1.14102,C,11,32,20232024,1,2,0.16666,L,216,Sebastian Aho,CAR,1177.6538,26
34,18,44,0.44602,9,81,33,Jarvis,1,14,8482093,23,67,0.82716,C,13,20,20232024,2,3,0.1875,R,176,Seth Jarvis,CAR,1125.0,26
28,15,32,0.47142,4,76,25,Teravainen,0,10,8476882,15,53,0.69736,C,9,17,20232024,1,4,0.17605,L,142,Teuvo Teravainen,CAR,984.1052,26
29,16,40,0.34057,3,77,24,Necas,2,42,8480039,-9,53,0.68831,C,8,13,20232024,0,0,0.10389,R,231,Martin Necas,CAR,1041.3766,26
33,14,35,0.5,8,59,19,Svechnikov,0,58,8480830,13,52,0.88135,R,5,17,20232024,0,0,0.13194,L,144,Andrei Svechnikov,CAR,1018.7796,26
34,11,31,,2,80,13,Skjei,0,40,8476869,15,47,0.5875,D,1,12,20232024,1,4,0.07027,L,185,Brady Skjei,CAR,1276.6875,26
33,5,22,,0,82,10,Burns,0,20,8470613,19,43,0.52439,D,4,20,20232024,1,1,0.05405,R,185,Brent Burns,CAR,1290.0487,26
23,11,26,0.42201,3,81,14,Noesen,0,33,8476474,13,37,0.45679,R,3,11,20232024,0,0,0.12612,R,111,Stefan Noesen,CAR,711.7901,26
31,4,34,,1,81,6,Slavin,0,8,8476958,21,37,0.45679,D,0,0,20232024,2,3,0.03973,L,151,Jaccob Slavin,CAR,1255.9135,26
23,7,20,0.27272,1,60,13,Bunting,0,55,8478047,-15,36,0.6,L,6,16,20232024,0,0,0.11504,L,113,Michael Bunting,"CAR,PIT",906.7166,26
18,13,31,0.50526,1,82,14,Martinook,0,36,8476921,-1,32,0.39024,L,0,0,20232024,1,1,0.09459,L,148,Jordan Martinook,CAR,878.817,26
20,9,25,0.58109,3,80,10,Staal,0,44,8473533,-14,30,0.375,C,0,1,20232024,1,4,0.0813,L,123,Jordan Staal,CAR,922.725,26
19,6,20,0.55271,0,74,8,Drury,0,33,8480835,4,27,0.36486,C,2,7,20232024,0,0,0.07547,L,106,Jack Drury,CAR,736.7432,26
15,11,24,0.51547,0,79,12,Kotkaniemi,0,36,8480829,-4,27,0.34177,C,1,2,20232024,0,1,0.09375,L,128,Jesperi Kotkaniemi,CAR,778.7468,26
20,5,20,,1,82,6,Orlov,0,36,8475200,4,26,0.31707,D,0,5,20232024,1,1,0.04651,L,129,Dmitry Orlov,CAR,1038.8902,26
17,7,16,0.2,0,17,8,Guentzel,0,8,8477404,16,25,1.47058,C,1,9,20232024,0,0,0.15094,L,53,Jake Guentzel,"PIT,CAR",1049.9411,26
14,8,22,,2,72,8,Chatfield,0,24,8478970,15,22,0.30555,D,0,0,20232024,0,0,0.08888,R,90,Jalen Chatfield,CAR,911.8333,26
13,6,19,0.4375,0,73,6,Fast,0,16,8475855,0,19,0.26027,R,0,0,20232024,0,0,0.07594,R,79,Jesper Fast,CAR,756.2739,26
10,3,13,,1,70,3,Pesce,1,20,8477488,10,13,0.18571,D,0,0,20232024,0,0,0.02803,R,107,Brett Pesce,CAR,1217.3142,26
8,1,5,,0,31,3,DeAngelo,0,24,8477950,-7,11,0.35483,D,2,6,20232024,0,0,0.06818,R,44,Tony DeAngelo,CAR,860.3548,26
5,1,4,0.44117,0,20,2,Kuznetsov,0,6,8475744,0,7,0.35,C,1,3,20232024,0,0,0.07407,L,27,Evgeny Kuznetsov,"WSH,CAR",894.05,26
2,3,5,0.26666,1,32,3,Lemieux,0,64,8477962,0,5,0.15625,L,0,0,20232024,0,0,0.10344,L,29,Brendan Lemieux,CAR,480.4062,26
1,1,2,0.55555,0,2,1,Ponomarev,0,0,8482102,1,2,1.0,C,0,0,20232024,0,0,1.0,L,1,Vasily Ponomarev,CAR,580.5,26
1,0,1,,0,1,0,Comtois,0,0,8480031,0,1,1.0,L,0,0,20232024,0,0,0.0,L,1,Maxime Comtois,CAR,784.0,26
0,0,0,,0,1,0,Coghlan,0,0,8479639,-2,0,0.0,D,0,0,20232024,0,0,0.0,R,3,Dylan Coghlan,CAR,1079.0,26
89,41,92,0.46194,9,82,51,MacKinnon,2,42,8477492,35,140,1.70731,C,10,48,20232024,0,0,0.12592,R,405,Nathan MacKinnon,COL,1368.8536,27
62,28,64,0.53816,9,80,42,Rantanen,0,50,8478420,19,104,1.3,R,14,40,20232024,0,0,0.15498,L,271,Mikko Rantanen,COL,1374.3375,27
69,13,47,,1,77,21,Makar,0,16,8480069,15,90,1.16883,D,7,39,20232024,1,4,0.0909,R,231,Cale Makar,COL,1486.1818,27
37,14,37,0.51764,2,79,19,Drouin,1,28,8477494,12,56,0.70886,L,5,19,20232024,0,0,0.1496,L,127,Jonathan Drouin,COL,1091.1139,27
25,12,30,0.28571,6,54,28,Nichushkin,2,22,8477501,5,53,0.98148,R,16,21,20232024,0,2,0.17721,L,158,Valeri Nichushkin,COL,1281.0185,27
38,12,43,,2,82,12,Toews,0,18,8478038,28,50,0.60975,D,0,5,20232024,0,2,0.07547,L,159,Devon Toews,COL,1405.7439,27
23,14,35,0.51585,2,80,17,Colton,0,61,8479525,-8,40,0.5,C,3,5,20232024,0,0,0.11643,L,146,Ross Colton,COL,823.15,27
18,9,22,0.27272,2,45,16,Lehkonen,1,14,8477476,11,34,0.75555,L,7,12,20232024,0,0,0.15533,L,103,Artturi Lehkonen,COL,1108.2888,27
17,8,25,0.31707,1,74,9,Wood,0,75,8477425,-5,26,0.35135,L,0,0,20232024,1,1,0.05389,L,167,Miles Wood,COL,821.054,27
12,10,22,0.45312,4,57,13,O'Connor,0,34,8481186,13,25,0.43859,R,0,0,20232024,3,3,0.15294,R,85,Logan O'Connor,COL,897.0175,27
17,7,23,0.0,0,76,8,Manson,0,87,8476312,11,25,0.32894,D,0,0,20232024,1,2,0.06504,R,123,Josh Manson,COL,1066.9736,27
10,9,16,0.53144,4,63,13,Johansen,0,34,8475793,-6,23,0.36507,C,4,6,20232024,0,1,0.16666,R,78,Ryan Johansen,COL,818.5714,27
12,8,20,,0,55,8,Byram,0,40,8481524,1,20,0.36363,D,0,0,20232024,0,0,0.12698,L,63,Bowen Byram,"COL,BUF",1190.9636,27
13,5,15,0.33128,0,75,6,Cogliano,0,16,8471699,11,19,0.25333,C,0,0,20232024,1,4,0.09836,L,61,Andrew Cogliano,COL,636.5866,27
15,3,17,,0,59,3,Girard,0,10,8479398,0,18,0.30508,D,0,1,20232024,0,0,0.04109,L,73,Samuel Girard,COL,1162.8813,27
13,3,16,,0,80,3,Johnson,0,38,8471677,15,16,0.2,D,0,0,20232024,0,0,0.03947,L,76,Jack Johnson,COL,895.6375,27
6,3,9,0.46818,0,18,4,Mittelstadt,0,4,8479999,-2,10,0.55555,C,1,1,20232024,0,0,0.16,L,25,Casey Mittelstadt,"BUF,COL",952.0555,27
7,2,8,,1,23,3,Malinski,0,6,8484258,3,10,0.43478,D,1,2,20232024,0,0,0.09677,R,31,Sam Malinski,COL,853.5217,27
5,5,8,0.30232,1,30,5,Parise,0,8,8470610,-7,10,0.33333,L,0,2,20232024,0,0,0.1,L,50,Zach Parise,COL,778.0333,27
8,1,8,0.33333,0,27,1,Tatar,0,10,8475193,0,9,0.33333,L,0,1,20232024,0,0,0.05263,L,19,Tomas Tatar,"COL,SEA",676.8888,27
6,3,9,0.28571,0,56,3,Kiviranta,0,12,8481641,-1,9,0.16071,L,0,0,20232024,0,0,0.0625,L,48,Joel Kiviranta,COL,590.3571,27
6,3,9,0.3965,1,57,3,Olofsson,0,8,8478028,-5,9,0.15789,L,0,0,20232024,0,0,0.06666,L,45,Fredrik Olofsson,COL,585.4736,27
3,4,7,,0,18,4,Walker,0,16,8480336,2,7,0.38888,D,0,0,20232024,0,0,0.09756,R,41,Sean Walker,"PHI,COL",1076.9444,27
4,1,5,1.0,0,18,1,Duhaime,0,4,8479520,2,5,0.27777,R,0,0,20232024,0,0,0.04166,L,24,Brandon Duhaime,"MIN,COL",688.3888,27
5,0,5,,0,25,0,Jones,0,8,8478452,4,5,0.2,D,0,0,20232024,0,0,0.0,L,19,Caleb Jones,COL,732.48,27
43,24,46,0.46153,4,78,33,Keller,0,32,8479343,-20,76,0.97435,R,9,30,20232024,0,0,0.14473,L,228,Clayton Keller,ARI,1154.7435,28
39,11,39,0.41,3,79,22,Schmaltz,1,10,8477951,-16,61,0.77215,C,10,21,20232024,1,1,0.13924,R,158,Nick Schmaltz,ARI,1150.6708,28
40,15,44,0.375,2,82,17,Maccelli,1,8,8481711,-4,57,0.69512,L,2,12,20232024,0,1,0.11409,L,149,Matias Maccelli,ARI,974.0365,28
23,19,38,0.49241,2,76,22,Bjugstad,1,59,8475760,11,45,0.5921,C,2,6,20232024,1,1,0.13333,R,165,Nick Bjugstad,ARI,1046.6842,28
32,9,30,0.47795,3,82,13,Kerfoot,0,26,8477021,-15,45,0.54878,C,2,12,20232024,2,3,0.12621,L,103,Alexander Kerfoot,ARI,1046.0487,28
24,16,30,0.38026,2,82,20,Cooley,1,18,8483431,-13,44,0.53658,C,3,13,20232024,1,1,0.13245,L,151,Logan Cooley,ARI,948.8902,28
19,16,31,0.31111,2,81,23,Crouse,0,36,8478474,-7,42,0.51851,L,7,10,20232024,0,1,0.1345,L,171,Lawson Crouse,ARI,1009.0246,28
32,6,25,,1,76,9,Durzi,0,63,8480434,-1,41,0.53947,D,3,16,20232024,0,0,0.06338,R,142,Sean Durzi,ARI,1363.171,28
17,8,20,0.20689,4,45,18,Guenther,1,14,8482699,-1,35,0.77777,R,9,13,20232024,1,2,0.14876,R,121,Dylan Guenther,ARI,976.7333,28
8,19,26,0.30769,4,74,21,Carcone,0,35,8479619,-2,29,0.39189,L,1,2,20232024,1,1,0.18918,L,111,Michael Carcone,ARI,676.2567,28
18,8,26,0.4523,2,67,8,McBain,1,50,8480855,8,26,0.38805,C,0,0,20232024,0,0,0.14285,L,56,Jack McBain,ARI,757.4626,28
21,5,21,,0,80,5,Moser,0,35,8482655,-5,26,0.325,D,0,3,20232024,0,2,0.06493,L,77,J.J. Moser,ARI,1234.2875,28
16,5,16,0.37931,0,51,9,Zucker,0,58,8475722,-5,25,0.49019,L,4,9,20232024,0,0,0.08653,L,104,Jason Zucker,"ARI,NSH",842.4117,28
16,5,21,,2,65,5,Kesselring,0,66,8480891,11,21,0.32307,D,0,0,20232024,0,0,0.06578,R,76,Michael Kesselring,ARI,947.5692,28
15,2,13,,0,68,2,Välimäki,0,12,8479976,12,17,0.25,D,0,4,20232024,0,0,0.02898,L,69,Juuso Välimäki,ARI,1145.6323,28
9,5,14,0.21428,0,75,5,O'Brien,0,153,8477070,0,14,0.18666,C,0,0,20232024,0,0,0.06944,L,72,Liam O'Brien,ARI,583.76,28
7,2,8,0.4976,0,33,3,Hayton,0,26,8480849,-13,10,0.30303,C,1,2,20232024,0,0,0.04545,L,66,Barrett Hayton,ARI,1020.8181,28
7,3,10,,1,51,3,Brown,0,75,8477384,2,10,0.19607,D,0,0,20232024,0,0,0.06818,R,44,Joshua Brown,ARI,885.0784,28
6,4,10,0.0,0,58,4,Dumba,0,55,8476856,-13,10,0.17241,D,0,0,20232024,0,0,0.06557,R,61,Mathew Dumba,"ARI,TBL",1204.2241,28
4,5,9,0.41666,1,11,5,Doan,0,0,8482659,6,9,0.81818,R,0,0,20232024,0,0,0.21739,R,23,Josh Doan,ARI,738.5454,28
6,2,8,0.53488,1,16,2,Boyd,0,2,8476329,3,8,0.5,C,0,0,20232024,0,0,0.16666,R,12,Travis Boyd,ARI,577.3125,28
5,2,7,,0,50,2,Dermott,0,26,8478408,-14,7,0.14,D,0,0,20232024,0,0,0.05263,L,38,Travis Dermott,ARI,1036.76,28
4,1,5,,0,47,1,Stecher,0,24,8479442,5,5,0.10638,D,0,0,20232024,0,0,0.02222,R,45,Troy Stecher,"ARI,EDM",1106.0638,28
3,1,4,,0,5,1,Kolyachonok,0,2,8481609,5,4,0.8,D,0,0,20232024,0,0,0.2,L,5,Vladislav Kolyachonok,ARI,748.4,28
2,0,2,0.23529,0,11,0,Sanford,0,4,8477482,3,2,0.18181,L,0,0,20232024,0,0,0.0,L,9,Zachary Sanford,"ARI,CHI",555.0909,28
48,11,36,0.46768,1,69,12,Granlund,1,32,8475798,-23,60,0.86956,C,1,23,20232024,0,1,0.08955,L,134,Mikael Granlund,SJS,1257.5652,29
29,8,28,0.31304,5,80,16,Eklund,2,30,8482667,-45,45,0.5625,L,8,16,20232024,0,1,0.125,L,128,William Eklund,SJS,1119.725,29
20,17,27,0.32941,0,82,24,Zetterlund,0,33,8480188,-34,44,0.53658,L,6,16,20232024,1,1,0.11764,R,204,Fabian Zetterlund,SJS,1131.3658,29
19,9,24,0.56347,1,48,15,Hertl,1,22,8476881,-26,34,0.70833,C,5,9,20232024,1,1,0.13274,L,113,Tomas Hertl,"SJS,VGK",1254.0416,29
11,11,17,0.36363,1,56,16,Duclair,0,28,8477407,-12,27,0.48214,L,5,10,20232024,0,0,0.16326,L,98,Anthony Duclair,"SJS,TBL",970.4642,29
13,7,17,0.375,1,66,10,Hoffman,0,20,8474884,-21,23,0.34848,C,3,6,20232024,0,0,0.14084,L,71,Mike Hoffman,SJS,823.8939,29
10,10,19,0.22058,3,72,13,Zadina,0,18,8480821,-44,23,0.31944,R,3,4,20232024,0,0,0.09489,L,137,Filip Zadina,SJS,800.3888,29
18,3,21,,0,78,3,Ferraro,0,36,8479983,-38,21,0.26923,D,0,0,20232024,0,0,0.02419,L,124,Mario Ferraro,SJS,1372.1666,29
14,5,17,,1,69,5,Rutta,0,38,8480172,-21,19,0.27536,D,0,0,20232024,0,2,0.07246,R,69,Jan Rutta,SJS,1183.2318,29
7,9,13,0.45625,1,77,11,Kunin,0,83,8479316,-30,18,0.23376,C,2,5,20232024,0,0,0.11224,R,98,Luke Kunin,SJS,944.4415,29
9,5,13,0.35294,0,59,5,Bailey,0,6,8477473,-15,14,0.23728,R,0,1,20232024,0,0,0.07142,R,70,Justin Bailey,SJS,676.8474,29
9,4,11,0.4,0,46,4,Barabanov,0,12,8482222,-24,13,0.2826,L,0,2,20232024,0,0,0.0597,L,67,Alexander Barabanov,SJS,952.3478,29
8,4,12,0.60096,0,63,5,Sturm,0,12,8481477,-25,13,0.20634,C,0,0,20232024,1,1,0.07246,L,69,Nico Sturm,SJS,879.5555,29
6,6,12,,1,57,6,Vlasic,0,26,8471709,-27,12,0.21052,D,0,0,20232024,0,0,0.08333,L,72,Marc-Edouard Vlasic,SJS,976.8421,29
11,1,6,,0,60,1,Addison,0,66,8480884,-35,12,0.2,D,0,6,20232024,0,0,0.01333,R,75,Calen Addison,"MIN,SJS",1041.3666,29
7,5,12,0.47826,0,62,5,Carpenter,0,6,8477846,-16,12,0.19354,C,0,0,20232024,0,0,0.0862,R,58,Ryan Carpenter,SJS,666.1774,29
5,2,4,0.528,1,27,6,Bordeleau,0,18,8482133,-18,11,0.4074,C,4,7,20232024,0,0,0.125,L,48,Thomas Bordeleau,SJS,901.4444,29
8,1,7,,0,51,3,Thrun,0,16,8481567,-22,11,0.21568,D,2,4,20232024,0,0,0.0625,L,48,Henry Thrun,SJS,1199.9803,29
5,5,9,0.28571,0,19,5,Kostin,0,15,8480011,-10,10,0.52631,C,0,1,20232024,0,0,0.23809,L,21,Klim Kostin,"DET,SJS",883.8421,29
9,1,9,,0,30,1,Emberson,0,6,8480834,-4,10,0.33333,D,0,1,20232024,0,0,0.03225,R,31,Ty Emberson,SJS,1112.9666,29
2,4,5,0.25,0,34,7,MacDonald,0,23,8479439,-14,9,0.2647,D,3,4,20232024,0,0,0.14285,L,49,Jacob MacDonald,SJS,721.2941,29
7,2,6,0.3,0,46,2,Labanc,0,16,8478099,-27,9,0.19565,R,0,3,20232024,0,0,0.03333,R,60,Kevin Labanc,SJS,697.326,29
7,1,8,,1,43,1,Okhotiuk,0,44,8481537,-22,8,0.18604,D,0,0,20232024,0,0,0.02083,L,48,Nikita Okhotiuk,"SJS,CGY",986.9534,29
6,2,7,,1,73,2,Burroughs,0,71,8477335,-42,8,0.10958,D,0,1,20232024,0,0,0.02531,R,79,Kyle Burroughs,SJS,1148.7397,29
3,1,4,0.4,0,36,1,Smith,0,40,8479379,-13,4,0.11111,R,0,0,20232024,0,0,0.03225,L,31,Givani Smith,SJS,468.5555,29
37,25,52,0.52631,2,81,37,Tkachuk,1,134,8480801,1,74,0.91358,L,12,22,20232024,0,0,0.10364,L,357,Brady Tkachuk,OTT,1148.5308,30
52,17,50,0.46679,2,75,18,Stützle,2,28,8482116,-17,70,0.93333,C,1,20,20232024,0,0,0.09375,L,192,Tim Stützle,OTT,1267.1066,30
38,21,44,0.4086,4,82,28,Batherson,1,42,8480208,-9,66,0.80487,R,7,22,20232024,0,0,0.14285,R,196,Drake Batherson,OTT,1090.4024,30
43,16,42,0.57986,2,82,21,Giroux,1,26,8473512,-14,64,0.78048,R,3,19,20232024,2,3,0.11475,R,183,Claude Giroux,OTT,1205.5243,30
24,15,33,0.57142,4,57,17,Tarasenko,0,12,8475765,13,41,0.71929,R,2,8,20232024,0,0,0.14655,L,116,Vladimir Tarasenko,"OTT,FLA",962.9473,30
27,7,25,,2,82,14,Chychrun,0,60,8479345,-30,41,0.5,D,7,16,20232024,0,0,0.06862,L,204,Jakob Chychrun,OTT,1343.3902,30
28,7,24,1.0,3,79,10,Sanderson,1,23,8482105,8,38,0.48101,D,3,14,20232024,0,0,0.06329,L,158,Jake Sanderson,OTT,1393.1012,30
24,10,33,0.33333,3,72,11,Joseph,0,51,8478472,-4,35,0.48611,R,0,0,20232024,1,2,0.0887,L,124,Mathieu Joseph,OTT,988.3194,30
14,11,17,0.52146,3,50,16,Norris,0,22,8480064,-6,30,0.6,C,5,12,20232024,0,1,0.13913,L,115,Josh Norris,OTT,1058.24,30
21,8,23,,0,51,9,Chabot,0,22,8478469,-3,30,0.58823,D,1,7,20232024,0,0,0.07627,L,118,Thomas Chabot,OTT,1382.7058,30
18,5,21,0.50604,1,41,9,Pinto,1,14,8481596,9,27,0.65853,C,4,6,20232024,0,0,0.08181,R,110,Shane Pinto,OTT,1086.5609,30
13,10,23,0.43875,1,72,13,Greig,0,66,8482092,10,26,0.36111,C,2,2,20232024,1,1,0.13402,L,97,Ridly Greig,OTT,884.5833,30
20,4,24,,0,69,5,Zub,0,32,8482245,5,25,0.36231,D,0,0,20232024,1,1,0.05882,R,85,Artem Zub,OTT,1261.0869,30
17,3,19,,0,76,3,Brannstrom,0,36,8480073,5,20,0.26315,D,0,0,20232024,0,1,0.03896,L,77,Erik Brannstrom,OTT,995.4605,30
10,6,15,0.23913,0,80,8,Kelly,0,30,8480448,-8,18,0.225,C,0,0,20232024,2,3,0.09302,L,86,Parker Kelly,OTT,702.4,30
4,7,11,0.4054,2,74,11,Kubalik,0,19,8477330,-30,15,0.2027,L,4,4,20232024,0,0,0.12087,L,91,Dominik Kubalik,OTT,727.3108,30
10,4,13,,0,72,4,Bernard-Docker,0,25,8480879,-7,14,0.19444,D,0,0,20232024,0,1,0.07843,R,51,Jacob Bernard-Docker,OTT,941.6111,30
5,5,10,0.54441,0,63,5,Kastelic,0,63,8480355,-5,10,0.15873,C,0,0,20232024,0,0,0.08333,R,60,Mark Kastelic,OTT,463.4603,30
4,2,6,,0,48,2,Hamonic,0,40,8474612,-10,6,0.125,D,0,0,20232024,0,0,0.04,R,50,Travis Hamonic,OTT,884.125,30
2,2,4,0.33333,0,21,2,Katchouk,0,0,8479383,-4,4,0.19047,L,0,0,20232024,0,0,0.11111,L,18,Boris Katchouk,"CHI,OTT",582.8095,30
1,2,3,,1,13,2,Crookshank,0,4,8481065,-3,3,0.23076,C,0,0,20232024,0,0,0.1,L,20,Angus Crookshank,OTT,606.7692,30
1,2,3,0.61764,1,30,2,MacEwen,0,57,8479772,-4,3,0.1,R,0,0,20232024,0,0,0.11764,R,17,Zack MacEwen,OTT,383.9666,30
1,2,3,0.52027,1,37,2,Chartier,0,14,8478078,-4,3,0.08108,C,0,0,20232024,0,0,0.05,L,40,Rourke Chartier,OTT,646.1621,30
2,0,2,0.5,0,7,0,Highmore,0,0,8478146,0,2,0.28571,C,0,0,20232024,0,0,0.0,L,1,Matthew Highmore,OTT,462.5714,30
1,1,2,0.4074,0,20,1,Smejkal,0,4,8484314,-6,2,0.1,L,0,0,20232024,0,0,0.1,L,10,Jiri Smejkal,OTT,568.7,30
100,31,91,0.5,6,81,44,Kucherov,1,22,8476453,8,144,1.77777,R,13,53,20232024,0,0,0.14379,L,306,Nikita Kucherov,TBL,1300.1234,31
44,31,58,0.45652,12,81,46,Point,0,14,8478010,-16,90,1.11111,C,15,32,20232024,0,0,0.20264,R,227,Brayden Point,TBL,1202.3456,31
41,21,42,0.56043,6,79,40,Stamkos,0,34,8474564,-21,81,1.02531,C,19,39,20232024,0,0,0.15267,R,262,Steven Stamkos,TBL,1093.7088,31
63,9,45,,2,78,13,Hedman,0,76,8475167,18,76,0.97435,D,4,31,20232024,0,0,0.07738,L,168,Victor Hedman,TBL,1488.2564,31
49,24,66,0.40983,3,82,26,Hagel,1,79,8479542,1,75,0.91463,L,2,7,20232024,0,2,0.1413,L,184,Brandon Hagel,TBL,1155.3536,31
22,15,32,0.54294,2,82,24,Paul,0,27,8477426,-16,46,0.56097,L,9,14,20232024,0,0,0.15686,L,153,Nick Paul,TBL,1035.5975,31
25,15,36,0.49197,3,79,20,Cirelli,1,38,8478519,2,45,0.56962,C,3,7,20232024,2,2,0.15503,L,129,Anthony Cirelli,TBL,1111.1265,31
27,5,26,,2,82,6,Raddysh,1,21,8478178,-3,33,0.40243,D,1,7,20232024,0,0,0.0594,R,101,Darren Raddysh,TBL,1146.3414,31
14,9,21,0.46153,2,81,11,Eyssimont,0,104,8479591,7,25,0.30864,C,2,4,20232024,0,0,0.07382,L,149,Michael Eyssimont,TBL,711.1728,31
22,2,24,,1,77,2,Perbix,1,10,8480246,8,24,0.31168,D,0,0,20232024,0,0,0.03508,R,57,Nick Perbix,TBL,1024.8961,31
17,2,12,,0,34,2,Sergachev,0,16,8479410,-16,19,0.55882,D,0,7,20232024,0,0,0.03773,L,53,Mikhail Sergachev,TBL,1353.3529,31
7,8,13,0.38461,0,17,8,Duclair,0,6,8477407,4,15,0.88235,L,0,2,20232024,0,0,0.25806,L,31,Anthony Duclair,"SJS,TBL",867.2352,31
11,4,15,0.36363,0,57,4,Sheary,0,12,8477839,-3,15,0.26315,L,0,0,20232024,0,0,0.08,L,50,Conor Sheary,TBL,666.1403,31
7,6,12,0.35937,0,55,7,Jeannot,0,75,8479661,-10,14,0.25454,L,1,2,20232024,0,0,0.11864,L,59,Tanner Jeannot,TBL,721.0909,31
11,2,13,,0,69,2,Cernak,0,63,8478416,5,13,0.1884,D,0,0,20232024,0,0,0.03773,R,53,Erik Cernak,TBL,1151.1594,31
1,9,10,0.56012,1,81,10,Glendening,0,39,8476822,-2,11,0.1358,C,0,0,20232024,1,1,0.17543,R,57,Luke Glendening,TBL,696.9753,31
7,3,10,,0,59,3,de Haan,0,22,8475177,-9,10,0.16949,D,0,0,20232024,0,0,0.05357,L,56,Calvin de Haan,TBL,997.5254,31
3,4,7,0.5,0,36,6,Barré-Boulet,0,10,8479718,-9,9,0.25,C,2,2,20232024,0,0,0.13043,L,46,Alex Barré-Boulet,TBL,671.3333,31
3,4,7,0.50322,2,69,6,Motte,0,28,8477353,-8,9,0.13043,C,0,0,20232024,2,2,0.07228,L,83,Tyler Motte,TBL,746.5797,31
3,4,7,0.0,0,30,4,Chaffee,0,4,8482070,2,7,0.23333,R,0,0,20232024,0,0,0.14814,R,27,Mitchell Chaffee,TBL,677.3,31
4,1,5,,0,24,1,Fleury,0,20,8477938,5,5,0.20833,D,0,0,20232024,0,0,0.04,L,25,Haydn Fleury,TBL,967.4166,31
5,0,5,,0,37,0,Lilleberg,0,16,8482929,-15,5,0.13513,D,0,0,20232024,0,0,0.0,L,31,Emil Lilleberg,TBL,972.2702,31
2,2,4,0.0,0,33,2,Watson,0,93,8475766,2,4,0.12121,L,0,0,20232024,0,0,0.11764,R,17,Austin Watson,TBL,435.8787,31
2,0,2,,0,9,0,Koepke,0,0,8481043,0,2,0.22222,L,0,0,20232024,0,0,0.0,L,9,Cole Koepke,TBL,402.1111,31
2,0,2,,0,13,0,Crozier,0,7,8481719,-2,2,0.15384,D,0,0,20232024,0,0,0.0,R,13,Max Crozier,TBL,776.0769,31
23,21,36,0.33333,7,82,37,Vatrano,2,85,8478366,-20,60,0.7317,R,13,20,20232024,3,4,0.13602,L,272,Frank Vatrano,ANA,1100.6829,32
34,16,41,0.33333,5,76,20,Terry,1,24,8478873,-10,54,0.71052,R,4,13,20232024,0,0,0.11627,R,172,Troy Terry,ANA,1097.2763,32
24,11,27,0.52908,3,60,18,Henrique,0,33,8474641,3,42,0.7,C,5,10,20232024,2,5,0.16216,L,111,Adam Henrique,"ANA,EDM",1055.4666,32
23,14,32,0.51715,3,64,19,McTavish,1,86,8482745,-23,42,0.65625,C,4,8,20232024,1,2,0.14615,L,130,Mason McTavish,ANA,976.5468,32
30,9,26,0.4609,0,79,11,Strome,0,86,8476458,-20,41,0.51898,C,2,15,20232024,0,0,0.08396,R,131,Ryan Strome,ANA,947.9367,32
34,3,20,,0,81,5,Fowler,0,24,8475764,-36,39,0.48148,D,2,18,20232024,0,1,0.04587,L,109,Cam Fowler,ANA,1465.3703,32
18,13,29,0.35897,5,63,18,Killorn,1,54,8473986,-15,36,0.57142,L,5,7,20232024,0,0,0.12413,L,145,Alex Killorn,ANA,1123.9206,32
17,8,20,0.34759,0,55,12,Carlsson,0,16,8484153,-11,29,0.52727,C,4,9,20232024,0,0,0.11009,L,109,Leo Carlsson,ANA,1086.5454,32
24,4,20,,0,63,4,Mintyukov,0,24,8483490,-20,28,0.44444,D,0,7,20232024,0,1,0.04545,L,88,Pavel Mintyukov,ANA,1130.6825,32
11,9,20,0.41463,0,68,11,Leason,0,14,8481517,-7,22,0.32352,R,0,0,20232024,2,2,0.12087,R,91,Brett Leason,ANA,780.5294,32
12,5,13,0.34,1,81,7,Silfverberg,0,24,8475164,4,19,0.23456,R,1,4,20232024,1,2,0.06862,R,102,Jakob Silfverberg,ANA,783.037,32
12,6,17,,0,66,6,Gudas,0,128,8475462,14,18,0.27272,D,0,0,20232024,0,1,0.06818,R,88,Radko Gudas,ANA,1170.2727,32
15,2,14,,1,71,2,LaCombe,0,24,8481605,-24,17,0.23943,D,0,2,20232024,0,1,0.03636,L,55,Jackson LaCombe,ANA,1162.6338,32
9,5,14,0.38405,1,31,6,Zegras,0,30,8481533,-1,15,0.48387,C,1,1,20232024,0,0,0.08219,L,73,Trevor Zegras,ANA,1025.2903,32
10,5,14,0.3125,0,52,5,Jones,0,33,8479368,-6,15,0.28846,L,0,1,20232024,0,0,0.06578,L,76,Max Jones,ANA,723.4807,32
13,1,13,,0,68,1,Vaakanainen,0,26,8480001,0,14,0.20588,D,0,0,20232024,0,1,0.01492,L,67,Urho Vaakanainen,ANA,1048.5588,32
6,4,9,0.44041,0,46,5,Lundeström,0,2,8480806,-1,11,0.23913,C,0,1,20232024,1,1,0.13157,L,38,Isac Lundeström,ANA,860.4565,32
3,5,8,0.50955,0,61,8,Carrick,0,90,8475842,-11,11,0.18032,C,1,1,20232024,2,2,0.10389,R,77,Sam Carrick,"ANA,EDM",757.6065,32
7,2,7,,0,26,2,Zellweger,0,4,8482803,-6,9,0.34615,D,0,2,20232024,0,0,0.05882,L,34,Olen Zellweger,ANA,1157.0769,32
6,0,6,,0,32,0,Lindström,0,18,8480184,12,6,0.1875,D,0,0,20232024,0,0,0.0,R,14,Gustav Lindström,"MTL,ANA",927.125,32
4,1,4,,0,10,1,Drysdale,0,4,8482142,-2,5,0.5,D,0,0,20232024,0,1,0.04761,R,21,Jamie Drysdale,"ANA,PHI",1295.3,32
4,0,4,,0,55,0,Lyubushkin,0,51,8480950,-13,4,0.07272,D,0,0,20232024,0,0,0.0,R,38,Ilya Lyubushkin,"ANA,TOR",1028.9272,32
3,1,4,0.5,0,68,1,Johnston,0,117,8477527,-12,4,0.05882,L,0,0,20232024,0,0,0.02272,L,44,Ross Johnston,ANA,491.8235,32
2,1,3,,0,7,1,Luneau,0,4,8483482,1,3,0.42857,D,0,0,20232024,0,0,0.0909,R,11,Tristan Luneau,ANA,1072.2857,32
2,1,3,0.41666,0,24,1,McGinn,0,4,8476934,-5,3,0.125,L,0,0,20232024,0,0,0.04166,L,24,Brock McGinn,ANA,664.7083,32
